,longitude,latitude,housing_median_age,total_rooms,total_bedrooms,population,households,median_income,median_house_value,ocean_proximity
0,-118.09,34.02,16.0,906.0,18.0,1523.0,164.0,5.9278,15240000.0,INLAND
1,-118.93,33.61,1.0,576.0,581.0,275.0,288.0,4.5129,140100.0,<1H OCEAN
2,-118.45,33.12,18.0,1688.0,753.0,2436.0,557.0,3.9809,230000.0,NEAR BAY
3,-117.89,34.5,6.0,763.0,553.0,875.0,268.0,3.7125,153500.0,<1H OCEAN
4,-122.33,34.09,15.0,757.0,100.0,1372.0,585.0,3.5831,259400.0,<1H OCEAN
5,-119.92,38.95,9.0,4128.0,1154.0,1250.0,11.0,3.742,72300.0,<1H OCEAN
6,-117.78,33.3,14.0,5478.0,1844.0,814.0,578.0,4.8378,146400.0,NEAR OCEAN
7,-118.8,33.55,35.0,1463.0,545.0,1565.0,1654.0,5.1243,167700.0,INLAND
8,-117.99,32.8,28.0,1083.0,539.0,1865.0,541.0,3.6097,143500.0,<1H OCEAN
9,-118.31,37.83,19.0,1527.0,972.0,779.0,849.0,5.1053,291300.0,INLAND
10,-118.59,37.26,16.0,2428.0,576.0,1383.0,603.0,6.7539,50000.0,<1H OCEAN
11,-117.26,33.85,2.0,3041.0,256.0,565.0,735.0,4.0333,154800.0,<1H OCEAN
12,-118.97,35.0,35.0,36400.0,518.0,651.0,519.0,4.5386,187900.0,NEAR BAY
13,-120.09,33.83,18.0,6064.0,1041.0,1427.0,562.0,3.5132,4400.0,INLAND
14,-118.11,34.25,22.0,2051.0,689.0,1496.0,851.0,4.0296,64400.0,INLAND
15,-117.88,34.0,9.0,3266.0,2159.0,1206.0,1379.0,3.6962,43100.0,INLAND
16,-121.12,34.44,27.0,1463.0,599.0,1263.0,115.0,3.5675,160000.0,NEAR OCEAN
17,-122.8,32.13,15.0,888.0,692.0,1257.0,2798.0,3.2581,79600.0,<1H OCEAN
18,-118.39,37.27,15.0,1478.0,738.0,981.0,496.0,6.0017,135400.0,<1H OCEAN
19,-118.0,34.32,51.0,3122.0,3002.0,1770.0,979.0,3.7704,101000.0,NEAR OCEAN
20,-118.0,33.09,52.0,1235.0,1286.0,831.0,2675.0,1.931,4500.0,<1H OCEAN
21,-117.15,33.59,27.0,1074.0,463.0,687.0,586.0,2.2326,500001.0,<1H OCEAN
22,-117.9,33.45,36.0,3669.0,578.0,547.0,6.0,3.1727,149800.0,<1H OCEAN
23,-118.29,37.21,52.0,637.0,588.0,5333.0,635.0,5.31001,75900.0,NEAR BAY
24,-121.88,33.28,24.0,2125.0,9.0,957.0,4416.0,6.18,186600.0,<1H OCEAN
25,-117.01,34.0,16.0,1723.0,2716.0,1096.0,1086.0,3.1473,160000.0,<1H OCEAN
26,-117.92,37.94,25.0,473.0,492.0,973.0,969.0,4.3327,179800.0,NEAR BAY
27,-118.89,38.0,42.0,673.0,644.0,789.0,518.0,5.5567,177800.0,NEAR BAY
28,-117.25,36.9,30.0,1754.0,696.0,1297.0,836.0,14.9977,500001.0,INLAND
29,-122.37,34.25,26.0,2596.0,665.0,2075.0,696.0,2.2698,149400.0,<1H OCEAN
30,-118.92,34.06,26.0,695.0,659.0,2494.0,2574.0,3.7611,164200.0,<1H OCEAN
31,-120.2,37.09,45.0,1680.0,539.0,2388.0,2374.0,4.5871,49400.0,NEAR BAY
32,-121.05,37.0,4.0,783.0,632.0,1479.0,1002.0,5.539,167600.0,INLAND
33,-118.93,34.12,31.0,3963.0,563.0,1227.0,392.0,3.6333,72400.0,INLAND
34,-122.27,33.6,20.0,1813.0,398.0,1296.0,1244.0,4.2053,131300.0,NEAR OCEAN
35,-122.16,34.05,38.0,2896.0,1273.0,1094.0,635.0,3.749,184800.0,<1H OCEAN
36,-122.02,37.09,28.0,3464.0,473.0,897.0,7.0,2.9523,181300.0,<1H OCEAN
37,-117.95,33.78,16.0,1438.0,478.0,1474.0,426.0,11.0,87500.0,<1H OCEAN
38,-122.78,37.99,33.0,1064.0,1343.0,815.0,397.0,5.0802,61800.0,<1H OCEAN
39,-122.7,33.26,16.0,1463.0,1577.0,893.0,585.0,4.0258,152400.0,<1H OCEAN
40,-121.04,34.06,29.0,1270.0,2900.0,1243.0,3291.0,4.1871,205500.0,<1H OCEAN
41,-118.95,37.88,38.0,1737.0,3404.0,5644.0,2917.0,4.5281,600001.0,NEAR OCEAN
42,-117.75,33.0,52.0,1239.0,275.0,1231.0,1496.0,2.2791,500001.0,INLAND
43,-117.41,34.78,8.0,917.0,664.0,486.0,835.0,2.6477,140000.0,<1H OCEAN
44,-121.99,34.89,46.0,1772.0,2266.0,696.0,446.0,2.8311,50000.0,INLAND
45,-118.28,33.24,19.0,2078.0,661.0,1029.0,471.0,2.5167,62700.0,<1H OCEAN
46,-118.62,34.09,36.0,2686.0,446.0,838.0,547.0,3.211814,109300.0,<1H OCEAN
47,-121.32,33.31,36.0,2419.0,653.0,974.0,776.0,4.0128,175500.0,NEAR OCEAN
48,-122.37,34.14,16.0,2885.0,688.0,1296.0,467.0,4.0926,43400.0,<1H OCEAN
49,-122.22,33.91,17.0,2476.0,1622.0,547.0,986.0,2.0286,420000.0,NEAR BAY
50,-121.0,34.77,8.0,2471.0,1274.0,1237.0,956.0,5.3675,181300.0,<1H OCEAN
51,-122.84,33.18,34.0,896.0,647.0,1275.0,493.0,2.6475,500001.0,NEAR BAY
52,-122.16,37.45,17.0,668.0,632.0,1752.0,574.0,1.8287,166400.0,<1H OCEAN
53,-122.74,36.73,18.0,1231.0,595.0,1700.0,362.0,4.08,32000000.0,<1H OCEAN
54,-122.19,37.06,20.0,1462.0,461.0,101.0,115.0,4.9235,62800.0,<1H OCEAN
55,-118.75,33.76,12.0,758.0,1527.0,1655.0,1689.0,4.14,165800.0,NEAR OCEAN
56,-117.47,37.33,23.0,783.0,479.0,1786.0,300.0,3.5502,32600.0,<1H OCEAN
57,-118.89,33.93,36.0,579.0,862.0,1016.0,340.0,1.1091,62200.0,NEAR BAY
58,-117.95,33.53,7.0,1732.0,1785.0,1837.0,1827.0,2.4183,52900.0,<1H OCEAN
59,-122.41,33.61,33.0,1286.0,569.0,708.0,101.0,3.4118,56800.0,<1H OCEAN
60,-117.29,33.87,36.0,576.0,622.0,591.0,1127.0,3.2122,154700.0,INLAND
61,-118.11,37.09,35.0,917.0,484.0,903.0,1235.0,5.843,218100.0,<1H OCEAN
62,-122.19,32.85,5.0,907.0,1575.0,1475.0,541.0,3.4,91600.0,INLAND
63,-118.16,36.03,4.0,4333.0,566.0,1227.0,589.0,1.0616,179400.0,NEAR OCEAN
64,-117.81,33.41,26.0,569.0,476.0,679.0,556.0,1.8167,81300.0,<1H OCEAN
65,-118.4,33.0,38.0,1829.0,576.0,272.0,513.0,2.04,80000200.0,INLAND
66,-118.87,35.08,9.0,1295.0,546.0,875.0,1615.0,3.2587,48000.0,INLAND
67,-121.12,33.0,12.0,1765.0,2115.0,1036.0,3404.0,3.0942,43001.0,<1H OCEAN
68,-118.19,38.16,1.0,1881.0,462.0,1369.0,733.0,3.5167,500001.0,NEAR OCEAN
69,-117.09,37.12,27.0,2573.0,1089.0,603.0,869.0,3.7338,35600.0,<1H OCEAN
70,-117.13,32.35,31.0,3620.0,547.0,1556.0,854.0,1.5,86100.0,<1H OCEAN
71,-120.81,33.0,10.0,629.0,2122.0,1204.0,765.0,2.5201,18000.0,INLAND
72,-118.03,32.1,52.0,5267.0,673.0,467.0,627.0,4.3512,2542.0,NEAR BAY
73,-118.26,38.0,17.0,1461.0,519.0,1046.0,579.0,2.2983,66400.0,<1H OCEAN
74,-117.1,37.4,26.0,778.0,496.0,854.0,667.0,5.6046,172300.0,NEAR BAY
75,-121.89,38.46,30.0,3052.0,811.0,1335.0,2255.0,5.0249,500001.0,NEAR BAY
76,-118.93,37.11,7.0,2226.0,533.0,1094.0,731.0,3.0982,176900.0,<1H OCEAN
77,-119.96,34.31,48.0,1262.0,260.0,1331.0,217.0,3.5116,91800.0,NEAR BAY
78,-118.0,37.79,26.0,1374.0,419.0,538.0,547.0,2.831,91300.0,INLAND
79,-118.23,34.89,17.0,3267.0,476.0,569.0,767.0,3.1578,102700.0,INLAND
80,-118.17,34.19,16.0,2032.0,1727.0,3091.0,656.0,2.5168,87500.0,<1H OCEAN
81,-122.02,37.25,38.0,1423.0,354.0,879.0,280.0,2.35,182500.0,<1H OCEAN
82,-121.19,33.81,7.0,1683.0,1014.0,1284.0,544.0,2.6438,230300.0,<1H OCEAN
83,-118.9,37.81,52.0,1446.0,644.0,1786.0,767.0,2.0021,73300.0,<1H OCEAN
84,-122.24,33.79,52.0,2732.0,1253.0,2495.0,568.0,3.4428,70000.0,<1H OCEAN
85,-122.44,32.15,6.0,853.0,793.0,596.0,862.0,9.7567,96100.0,INLAND
86,-117.84,33.06,40.0,1857.0,876.0,1438.0,496.0,4.0907,230700.0,<1H OCEAN
87,-121.0,33.55,22.0,1645.0,1375.0,761.0,24.0,2.2921,136900.0,INLAND
88,-117.9,32.83,26.0,1426.0,1283.0,1097.0,2340.0,5.9,179100.0,NEAR OCEAN
89,-118.04,33.04,34.0,691.0,607.0,598.0,486.0,4.3582,249900.0,<1H OCEAN
90,-121.91,33.83,33.0,317.0,29.0,1338.0,576.0,1.8033,11000.0,NEAR BAY
91,-118.09,34.8,12.0,2314.0,1264.0,1043.0,557.0,3.8713,85400.0,<1H OCEAN
92,-118.07,34.82,5.0,835.0,695.0,713.0,1089.0,2.908,87300.0,<1H OCEAN
93,-118.38,33.7,18.0,1417.0,642.0,1064.0,538.0,4.04,173300.0,<1H OCEAN
94,-118.11,34.32,18.0,2039.0,636.0,2421.0,741.0,2.8221,289800.0,INLAND
95,-116.08,38.83,10.0,1615.0,762.0,2027.0,533.0,3.1891,100000.0,<1H OCEAN
96,-117.15,34.0,52.0,874.0,849.0,3701.0,1041.0,2.9575,133500.0,NEAR BAY
97,-118.84,33.16,35.0,676.0,23.0,613.0,662.0,3.0333,204700.0,NEAR BAY
98,-121.91,37.26,28.0,575.0,589.0,1381.0,2038.0,4.0491,289400.0,INLAND
99,-117.06,34.4,26.0,2757.0,1275.0,1989.0,641.0,9.8281,36800.0,NEAR OCEAN
100,-117.29,34.91,23.0,913.0,643.0,1601.0,1319.0,3.7802,142600.0,<1H OCEAN
101,-119.06,33.3,10.0,2214.0,576.0,1375.0,276.0,2.7255,174800.0,<1H OCEAN
102,-118.22,39.66,22.0,1099.0,526.0,669.0,567.0,3.9487,176900.0,<1H OCEAN
103,-118.22,34.73,38.0,1676.0,471.0,799.0,476.0,1.917,283500.0,<1H OCEAN
104,-118.23,33.89,36.0,1572.0,2266.0,1044.0,263.0,5.6128,260000.0,INLAND
105,-118.22,38.27,29.0,1470.0,275.0,2277.0,768.0,5.0356,217000.0,<1H OCEAN
106,-118.23,33.95,23.0,548.0,1773.0,1141.0,97.0,3.6089,166400.0,<1H OCEAN
107,-118.05,33.19,30.0,1382.0,522.0,981.0,568.0,2.5305,18000.0,<1H OCEAN
108,-122.43,37.03,42.0,1324.0,689.0,1247.0,13.0,4.7,145800.0,NEAR OCEAN
109,-122.1,34.03,29.0,1667.0,684.0,1525.0,759.0,1.5278,4322.0,<1H OCEAN
110,-118.07,37.77,34.0,557.0,341.0,1269.0,169.0,4.4,78800.0,<1H OCEAN
111,-122.85,34.11,16.0,1787.0,541.0,1321.0,684.0,1.988,1000001.0,<1H OCEAN
112,-117.45,36.06,48.0,831.0,665.0,671.0,695.0,13.5,154500.0,NEAR OCEAN
113,-118.09,33.51,24.0,1715.0,618.0,842.0,1644.0,2.26,128800.0,NEAR BAY
114,-121.37,34.56,18.0,4937.0,1433.0,1827.0,392.0,2.7563,387900.0,<1H OCEAN
115,-118.2,33.87,32.0,785.0,23.0,2979.0,635.0,2.5382,50000.0,<1H OCEAN
116,-117.4,32.14,43.0,1732.0,544.0,962.0,541.0,2.78,250000.0,<1H OCEAN
117,-118.3,37.23,42.0,1886.0,1013.0,880.0,665.0,3.988,57700.0,NEAR OCEAN
118,-122.24,34.38,32.0,886.0,656.0,1467.0,453.0,3.3596,2675.0,INLAND
119,-117.61,37.04,35.0,1354.0,488.0,1030.0,568.0,5.0266,300001.0,NEAR OCEAN
120,-118.85,37.91,15.0,3075.0,573.0,1123.0,5.0,2.917,2539200.0,INLAND
121,-119.48,34.51,15.0,1525.0,690.0,1579.0,578.0,3.7179,69800.0,<1H OCEAN
122,-117.13,34.09,35.0,1324.0,1296.0,1531.0,593.0,3.2964,284400.0,INLAND
123,-118.05,33.99,16.0,1716.0,522.0,1487.0,300.0,2.4459,179900.0,<1H OCEAN
124,-121.04,34.26,23.0,1241.0,637.0,825.0,7.0,1.64,72200.0,<1H OCEAN
125,-118.88,37.33,18.0,276.0,2710.0,536.0,635.0,5.5,91300.0,<1H OCEAN
126,-118.86,34.0,12.0,872.0,25.0,723.0,1029.0,2.83428,94200.0,<1H OCEAN
127,-118.17,33.1,16.0,812.0,489.0,1068.0,642.0,3.3862,2500001.0,<1H OCEAN
128,-122.29,34.31,52.0,777.0,607.0,1133.0,1779.0,3.0867,164900.0,<1H OCEAN
129,-117.08,34.03,18.0,1387.0,323.0,1740.0,528.0,5.942,229900.0,<1H OCEAN
130,-118.11,34.09,20.0,3649.0,1511.0,1172.0,523.0,1.1862,250000.0,NEAR BAY
131,-120.02,33.05,36.0,2586.0,315.0,1284.0,1203.0,10.8233,79300.0,<1H OCEAN
132,-118.0,37.52,25.0,1081.0,238.0,1763.0,707.0,2.974,362400.0,<1H OCEAN
133,-118.41,36.14,6.0,2635.0,587.0,1452.0,584.0,3.7867,129600.0,<1H OCEAN
134,-118.08,38.68,34.0,489.0,442.0,922.0,695.0,3.6472,142300.0,<1H OCEAN
135,-118.49,32.8,36.0,1081.0,513.0,842.0,1022.0,3.1227,266900.0,<1H OCEAN
136,-118.95,34.15,36.0,498.0,581.0,654.0,1279.0,2.5378,858.0,NEAR OCEAN
137,-119.98,33.74,43.0,1556.0,653.0,1472.0,449.0,5.4487,600001.0,INLAND
138,-118.0,33.12,22.0,685.0,1274.0,951.0,357.0,2.7835,105400.0,<1H OCEAN
139,-118.16,34.31,17.0,1075.0,672.0,5077.0,576.0,5.8707,69700.0,<1H OCEAN
140,-122.84,37.31,16.0,3765.0,246.0,973.0,717.0,1.793928,140500.0,<1H OCEAN
141,-117.06,33.83,35.0,551.0,1532.0,1002.0,665.0,3.906,123500.0,<1H OCEAN
142,-118.9,36.85,11.0,429.0,1377.0,1494.0,753.0,2.5167,1294.0,<1H OCEAN
143,-121.81,37.95,17.0,1472.0,1672.0,738.0,15.0,4.0439,104800.0,<1H OCEAN
144,-118.33,37.28,19.0,2464.0,627.0,1533.0,454.0,3.0266,234600.0,INLAND
145,-121.69,34.05,32.0,1868.0,599.0,1471.0,940.0,1.7802,82600.0,<1H OCEAN
146,-117.97,36.4,30.0,1513.0,837.0,1281.0,830.0,1.1956,1230000.0,NEAR BAY
147,-122.47,33.1,16.0,1723.0,1369.0,1466.0,841.0,2.9823,90300.0,<1H OCEAN
148,-118.17,37.68,25.0,1595.0,566.0,857.0,111.0,2.242961,178900.0,NEAR OCEAN
149,-117.23,34.32,9.0,1418.0,941.0,1161.0,757.0,3.9125,161300.0,<1H OCEAN
150,-123.97,34.61,23.0,2735.0,634.0,798.0,1611.0,2.9118,147900.0,<1H OCEAN
151,-118.09,32.53,18.0,453.0,695.0,541.0,545.0,6.1242,57500.0,INLAND
152,51.0,33.06,52.0,686.0,596.0,1754.0,674.0,2.6087,133400.0,NEAR BAY
153,-118.1,34.04,9.0,2763.0,585.0,1595.0,449.0,2.1071,1550000.0,INLAND
154,-118.0,34.31,28.0,2141.0,545.0,622.0,595.0,3.5614,114100.0,INLAND
155,-118.22,37.44,5.0,761.0,732.0,2047.0,475.0,2.26,2500.0,<1H OCEAN
156,-117.27,34.95,37.0,5386.0,2613.0,1327.0,561.0,2.89,132400.0,INLAND
157,-118.4,37.09,35.0,736.0,446.0,753.0,535.0,3.3132,97700.0,NEAR BAY
158,-123.75,-118.99,17.0,2228.0,522.0,722.0,596.0,2.92865,84600.0,<1H OCEAN
159,-118.66,37.49,27.0,1677.0,2.0,486.58,622.0,4.5,159600.0,<1H OCEAN
160,-118.54,33.03,12.0,1436.0,491.0,1602.0,264.0,3.1231,103300.0,<1H OCEAN
161,-117.28,37.18,52.0,2171.0,517.0,1606.0,492.0,4.539,50000.0,INLAND
162,-118.98,34.1,33.0,735.0,1464.0,496.0,491.0,8.1785,94700.0,<1H OCEAN
163,-120.13,34.08,52.0,1519.0,1276.0,2482.0,811.0,3.0433,34400.0,<1H OCEAN
164,-121.24,33.06,35.0,695.0,756.0,1476.0,3289.0,3.7811,571200.0,NEAR OCEAN
165,-121.81,33.78,15.0,1335.0,514.0,1501.0,695.0,3.2043,140000.0,<1H OCEAN
166,-118.35,37.2,36.0,529.0,393.0,2098.0,914.0,5.7892,136600.0,<1H OCEAN
167,-122.13,36.5,16.0,1576.0,523.0,538.0,463.0,3.5235,114200.0,INLAND
168,-118.1,32.06,36.0,953.0,548.0,435.0,447.0,3.0,294800.0,INLAND
169,-118.0,33.06,43.0,3238.0,21.0,1553.0,35.0,3.8255,122400.0,<1H OCEAN
170,-121.34,38.16,16.0,1363.0,1548.0,769.0,547.0,4.2358,92100.0,NEAR OCEAN
171,-122.0,34.19,42.0,2869.0,1015.0,1545.0,622.0,2.7286,177800.0,INLAND
172,-118.96,37.15,19.0,1704.0,995.0,1036.0,1221.0,1.4179,10100.0,NEAR BAY
173,-122.33,34.02,43.0,596.0,723.0,2422.0,790.0,2.0826,79800.0,<1H OCEAN
174,-122.43,38.47,30.0,804.0,3122.0,1210.0,559.0,4.8299,95400.0,INLAND
175,-121.02,37.99,29.0,2774.0,664.0,541.0,586.0,3.3118,13300.0,NEAR BAY
176,-121.23,34.07,39.0,1465.0,823.0,873.0,1072.0,6.0456,42500.0,<1H OCEAN
177,-118.43,33.95,18.0,665.0,475.0,1515.0,265.0,5.8278,142500.0,INLAND
178,-122.23,37.46,36.0,635.0,618.0,807.0,683.0,2.0281,142900.0,NEAR BAY
179,-121.97,39.19,34.0,1351.0,514.0,1036.0,796.0,2.873,46400.0,<1H OCEAN
180,-118.96,33.97,33.0,1599.0,587.0,1252.0,49.0,2.1162,144700.0,<1H OCEAN
181,-122.24,33.79,16.0,707.0,476.0,792.0,665.0,3.4201,61300.0,<1H OCEAN
182,-121.28,34.7,35.0,2463.0,263.0,488.0,545.0,1.9278,180000.0,INLAND
183,-117.24,37.12,42.0,739.0,473.0,1086.0,683.0,2.5179,156800.0,INLAND
184,-119.44,34.09,11.0,1352.0,27.0,1465.0,933.0,2.6021,500001.0,NEAR BAY
185,-117.87,37.7,26.0,1361.0,21.0,957.0,835.0,3.0906,186900.0,NEAR OCEAN
186,-117.64,34.79,52.0,1017.0,537.0,1081.0,1336.0,3.8122,18400.0,INLAND
187,-117.75,34.9,52.0,485.0,49.0,1157.0,762.0,3.6322,139400.0,<1H OCEAN
188,-119.34,37.18,25.0,1335.0,1819.0,15.0,1304.0,4.7,87800.0,NEAR BAY
189,-119.97,34.85,15.0,1227.0,2464.0,1392.0,678.0,3.08,78800.0,INLAND
190,-122.8,38.43,38.0,868.0,1421.0,397.0,691.0,3.5625,89900.0,INLAND
191,-122.98,34.18,21.0,596.0,567.0,557.0,565.0,2.8658,90300.0,<1H OCEAN
192,-117.33,33.67,26.0,767.0,641.0,856.0,567.0,3.7131,3500.0,NEAR OCEAN
193,-117.43,34.8,43.0,1401.0,586.0,1455.0,1544.0,1.5178,140400.0,INLAND
194,-118.29,33.26,52.0,1744.0,536.0,2421.0,1541.0,3.676,900001.0,<1H OCEAN
195,-117.9,34.06,5.0,1095.0,1128.0,906.0,1569.0,1.0,217000.0,<1H OCEAN
196,-118.97,34.92,35.0,711.0,568.0,965.0,1121.0,2.6649,254800.0,<1H OCEAN
197,-117.31,34.54,36.0,4753.0,1544.0,561.0,329.0,6.5568,500001.0,NEAR OCEAN
198,-115.32,34.0,32.0,2624.0,2691.0,688.0,400.0,6.974,76600.0,<1H OCEAN
199,-118.95,34.94,25.0,653.0,1076.0,762.0,851.0,3.9829,166700.0,<1H OCEAN
200,-117.44,33.63,27.0,1545.0,2500.0,1557.0,462.0,4.5996,23890.0,INLAND
201,-117.78,34.0,26.0,1483.0,722.0,1296.0,1065.0,3.5603,162500.0,NEAR BAY
202,-118.98,37.24,41.0,798.0,254.0,727.0,669.0,2.9,60000.0,<1H OCEAN
203,-117.98,38.24,18.0,1616.0,932.0,635.0,2074.0,6.0,276700.0,<1H OCEAN
204,-122.98,33.96,52.0,2825.0,426.0,1397.0,671.0,1.1274,600001.0,<1H OCEAN
205,-117.13,33.14,39.0,1389.0,478.0,1469.0,578.0,2.1731,153300.0,NEAR OCEAN
206,-121.33,34.64,52.0,1583.0,890.0,1235.0,944.0,3.5382,128300.0,<1H OCEAN
207,-122.34,34.71,16.0,689.0,543.0,587.0,406.0,2.8262,50000.0,NEAR OCEAN
208,-118.09,33.78,39.0,728.0,857.0,1836.0,495.0,2.4486,40000.0,<1H OCEAN
209,-118.0,37.37,52.0,1332.0,676.0,713.0,674.0,4.6721,285600.0,INLAND
210,-118.75,34.09,18.0,2368.0,486.0,476.0,481.0,3.4167,424300.0,<1H OCEAN
211,-117.97,37.81,33.0,1364.0,961.0,1053.0,727.0,2.26,60000.0,<1H OCEAN
212,-118.18,37.75,12.0,1467.0,538.0,1217.0,454.0,3.1728,136800.0,NEAR OCEAN
213,-121.3,33.46,36.0,2730.0,459.0,467.0,535.0,4.3861,145900.0,<1H OCEAN
214,-121.02,34.04,23.0,587.0,514.0,1375.0,927.0,2.5533,65400.0,<1H OCEAN
215,-119.18,37.51,8.0,2200.0,763.0,567.0,757.0,3.539,99400.0,INLAND
216,-117.02,37.13,36.0,1214.0,645.0,1278.0,823.0,4.2139,170000.0,<1H OCEAN
217,-121.24,37.87,36.0,822.0,2696.0,487.0,657.0,2.9,102800.0,ISLAND
218,-118.93,37.13,25.0,4403.0,876.0,1417.0,644.0,3.5125,176600.0,<1H OCEAN
219,-122.47,33.23,10.0,547.0,689.0,2459.0,544.0,4.85,161300.0,<1H OCEAN
220,-118.31,33.83,35.0,1343.0,561.0,2429.0,763.0,2.5281,87500.0,<1H OCEAN
221,-118.0,34.0,8.0,2444.0,567.0,639.0,976.0,1.3731,92500.0,INLAND
222,-118.5,34.79,52.0,1408.0,886.0,474.0,735.0,2.6438,149400.0,INLAND
223,-117.32,37.45,22.0,2638.0,818.0,8.0,17.0,7.1094,62200.0,INLAND
224,-121.52,37.37,32.0,764.0,676.0,1215.0,330.0,2.0427,136800.0,<1H OCEAN
225,-117.93,38.63,1.0,2686.0,1481.0,631.0,545.0,2.3125,299600.0,NEAR OCEAN
226,-118.24,33.0,38.0,665.0,875.0,1754.0,15.0,3.5,398600.0,NEAR OCEAN
227,-119.23,38.04,15.0,586.0,1004.0,1125.0,300.0,2.567,152400.0,NEAR BAY
228,-118.34,36.21,44.0,703.0,541.0,472.0,576.0,3.5286,174400.0,NEAR OCEAN
229,-117.81,34.11,52.0,2278.0,2326.0,1294.0,539.0,3.1815,500001.0,<1H OCEAN
230,-115.02,34.4,39.0,886.0,1311.0,3030.0,204.0,7.5833,162500.0,<1H OCEAN
231,-118.96,34.3,45.0,1864.0,1187.0,686.0,675.0,3.6093,45900.0,<1H OCEAN
232,-122.49,37.93,52.0,3031.0,579.0,891.0,597.0,2.5357,142200.0,<1H OCEAN
233,-118.63,37.11,34.0,3911.0,16.0,3122.0,495.0,4.1717,131500.0,INLAND
234,-117.29,33.97,9.0,2059.0,1585.0,762.0,841.0,1.84,163400.0,<1H OCEAN
235,-117.26,34.06,22.0,2378.0,3195.0,1713.0,951.0,2.8125,49200.0,INLAND
236,-118.18,34.9,36.0,996.0,638.0,1430.0,663.0,2.3763,500001.0,INLAND
237,-121.3,36.12,27.0,1417.0,927.0,1248.0,25.0,4.8287,290000.0,NEAR OCEAN
238,-117.61,34.12,16.0,603.0,691.0,1406.0,592.0,3.09,133900.0,<1H OCEAN
239,-117.24,34.79,44.0,1729.0,672.0,793.0,1599.0,4.7121,600001.0,<1H OCEAN
240,-118.03,32.29,41.0,456.0,646.0,1340.0,566.0,3.4254,203800.0,NEAR OCEAN
241,-121.32,37.91,26.0,1102.0,481.0,980.0,1735.0,4.9235,105800.0,<1H OCEAN
242,-118.23,37.96,16.0,1591.0,559.0,695.0,20.0,5.0477,133300.0,<1H OCEAN
243,-118.12,37.9,35.0,1659.0,590.0,1257.0,579.0,5.3314,62600.0,<1H OCEAN
244,-117.84,34.34,18.0,2015.0,597.0,1268.0,517.0,3.1871,150000.0,INLAND
245,-117.23,32.89,11.0,2494.0,776.0,886.0,633.0,2.2968,162500.0,NEAR OCEAN
246,-117.87,33.55,32.0,1274.0,722.0,738.0,566.0,2.5521,250000.0,NEAR BAY
247,-117.84,33.63,44.0,1838.0,583.0,1445.0,1062.0,4.8,95900.0,NEAR BAY
248,-118.44,33.2,32.0,2069.0,897.0,1029.0,1236.0,2.5292,146600.0,NEAR OCEAN
249,-118.0,33.05,52.0,2330.0,873.0,1502.0,946.0,3.1768,619.0,<1H OCEAN
250,-118.12,33.3,52.0,5030.0,587.0,482.0,957.0,1.8438,186700.0,<1H OCEAN
251,-119.19,33.83,1.0,1317.0,857.0,1151.0,585.0,3.3266,339200.0,INLAND
252,-118.06,34.05,27.0,842.0,822.0,2850.0,29.0,4.8,61900.0,<1H OCEAN
253,-118.86,38.65,28.0,1593.0,275.0,642.0,2217.0,2.6912,103800.0,<1H OCEAN
254,-119.32,38.7,35.0,1542.0,1138.0,1232.0,275.0,3.5262,25600.0,INLAND
255,-121.19,37.13,23.0,557.0,2314.0,1731.0,535.0,2.6044,1400001.0,NEAR BAY
256,-118.47,34.96,9.0,543.0,456.0,774.0,3573.0,3.0,93400.0,<1H OCEAN
257,-117.08,32.04,29.0,538.0,839.0,676.0,1444.0,4.5378,230700.0,<1H OCEAN
258,-118.43,33.91,26.0,1269.0,264.0,787.0,574.0,6.5179,14990000.0,INLAND
259,-118.17,33.65,26.0,6267.0,987.0,2979.0,776.0,1.08,122500.0,<1H OCEAN
260,-118.84,37.9,19.0,2978.0,2650.0,618.0,585.0,4.0915,165900.0,INLAND
261,-119.13,34.12,9.0,317.0,1237.0,1286.0,612.0,2.8713,105400.0,<1H OCEAN
262,-118.25,34.02,25.0,3515.0,672.0,1880.0,343.0,2.8986,124800.0,<1H OCEAN
263,-118.3,37.9,36.0,1768.0,1283.0,1183.0,526.0,4.8911,63800.0,<1H OCEAN
264,-122.85,33.98,9.0,2095.0,1032.0,514.0,37.0,7.729,254700.0,INLAND
265,-121.54,36.11,41.0,1094.0,487.0,586.0,678.0,3.9278,17000.0,<1H OCEAN
266,-117.26,34.04,35.0,2627.0,1766.0,1356.0,2991.0,5.0,131600.0,INLAND
267,-117.93,40.0,18.0,1583.0,557.0,1202.0,538.0,3.2979,250000.0,INLAND
268,-118.0,34.5,36.0,1535.0,780.0,1202.0,101.0,3.6068,89600.0,<1H OCEAN
269,-117.96,32.96,16.0,868.0,599.0,642.0,845.0,3.2074,206500.0,<1H OCEAN
270,-119.0,34.65,32.0,1286.0,568.0,1379.0,643.0,4.8747,145900.0,INLAND
271,-118.77,36.71,16.0,2841.0,541.0,2957.0,519.0,1.3258,20200.0,<1H OCEAN
272,-119.76,34.05,18.0,718.0,3707.0,1596.0,942.0,2.3859,600001.0,NEAR BAY
273,-122.24,34.4,29.0,6001.0,636.0,1731.0,364.0,4.3617,139800.0,NEAR OCEAN
274,-117.32,35.11,10.0,683.0,761.0,1028.0,707.0,5.3314,150000.0,INLAND
275,-122.27,32.84,17.0,2399.0,442.0,1795.0,6.0,2.08,65400.0,<1H OCEAN
276,-118.84,34.83,29.0,2440.0,804.0,4.0,403.0,3.1213,58800.0,<1H OCEAN
277,-119.9,34.8,24.0,846.0,569.0,1236.0,491.0,3.927,83600.0,NEAR BAY
278,-121.25,33.14,35.0,857.0,518.0,486.0,544.0,4.7822,103600.0,<1H OCEAN
279,-118.8,33.8,42.0,18.0,673.0,1514.0,611.0,4.2617,136800.0,INLAND
280,-121.3,40.83,36.0,2422.0,572.0,1153.0,1127.0,1.7167,141300.0,NEAR BAY
281,-118.79,37.87,29.0,1066.0,8.0,2754.0,207.0,2.14,160500.0,<1H OCEAN
282,-117.5,34.61,10.0,579.0,681.0,1498.0,419.0,2.3363,107400.0,INLAND
283,-122.13,33.11,35.0,935.0,588.0,1640.0,554.0,2.3,167500.0,NEAR OCEAN
284,-122.44,38.2,22.0,1622.0,664.0,4.0,587.0,4.5671,500001.0,INLAND
285,-122.74,38.37,18.0,846.0,490.0,703.0,611.0,2.9128,142900.0,<1H OCEAN
286,-121.37,33.63,33.0,1779.0,596.0,1507.0,517.0,2.5864,500001.0,INLAND
287,-120.13,32.09,42.0,3801.0,679.0,14.0,61.0,3.7837,248000000.0,NEAR BAY
288,-121.32,33.91,52.0,571.0,918.0,1143.0,478.0,3.0958,177500.0,<1H OCEAN
289,-118.43,34.0,28.0,1234.0,2756.0,1410.0,711.0,2.6891,180000.0,<1H OCEAN
290,-117.95,38.56,17.0,2575.0,695.0,793.0,61.0,2.5644,66900.0,<1H OCEAN
291,-118.71,33.53,35.0,884.0,2378.0,1409.0,335.0,2.5994,173000.0,<1H OCEAN
292,-118.19,37.0,36.0,2999.0,3647.0,776.0,667.0,3.8122,165700.0,INLAND
293,-118.0,33.79,32.0,1081.0,688.0,2434.0,1732.0,1.7575,180000.0,INLAND
294,-118.37,37.31,37.0,1886.0,1268.0,1347.0,567.0,3.7255,140000.0,<1H OCEAN
295,-122.1,38.16,35.0,2843.0,566.0,1295.0,559.0,2.44,84200.0,<1H OCEAN
296,-116.15,33.0,42.0,628.0,3.0,745.0,586.0,4.3713,173300.0,INLAND
297,-117.23,36.45,18.0,36800.0,553.0,1065.0,362.0,2.8262,174700.0,NEAR BAY
298,-118.19,34.87,32.0,558.0,376.0,1403.0,1632.0,2.5152,175900.0,NEAR OCEAN
299,-119.47,33.85,37.0,246.0,696.0,352.0,645.0,1.7875,129600.0,<1H OCEAN
300,-122.78,37.7,12.0,3261.0,676.0,2535.0,1.0,3.140832,150000.0,NEAR OCEAN
301,-121.99,34.64,25.0,3167.0,1084.0,852.0,566.0,3.8385,179900.0,<1H OCEAN
302,-121.24,32.56,17.0,2522.0,545.0,1575.0,1165.0,1.0908,317500.0,<1H OCEAN
303,-122.13,33.63,46.0,3125.0,1214.0,775.0,564.0,3.7569,81300.0,NEAR BAY
304,-121.3,33.0,39.0,788.0,715.0,1229.0,431.0,2.9514,181400.0,<1H OCEAN
305,-118.87,34.25,28.0,2464.0,1077.0,1152.0,559.0,2.3749,362300.0,NEAR OCEAN
306,-122.45,37.37,25.0,688.0,1283.0,2638.0,187.0,2.543,135900.0,<1H OCEAN
307,-121.21,34.35,36.0,1879.0,2711.0,1797.0,796.0,2.717,207300.0,NEAR BAY
308,-118.09,34.69,36.0,865.0,426.0,775.0,8.0,2.4385,117700.0,NEAR BAY
309,-122.17,37.37,6.0,2413.0,264.0,946.0,315.0,2.8347,49000.0,INLAND
310,-118.63,37.14,32.0,1326.0,551.0,773.0,486.0,6.045,107500.0,INLAND
311,-118.77,33.85,44.0,549.0,607.0,103.0,621.0,3.5875,166400.0,<1H OCEAN
312,-119.28,34.35,17.0,3564.0,1238.0,1082.0,288.0,4.0,500001.0,NEAR OCEAN
313,-117.19,39.72,39.0,1627.0,537.0,3100.0,873.0,3.6084,974000.0,<1H OCEAN
314,-115.78,33.82,36.0,47.0,599.0,787.0,1499.0,1.2827,172800.0,NEAR BAY
315,-117.98,33.89,24.0,2757.0,590.0,1236.0,1043.0,3.9235,1325.0,<1H OCEAN
316,-119.23,33.54,37.0,1133.0,677.0,775.0,545.0,4.5,15000.0,INLAND
317,-118.95,34.0,17.0,541.0,476.0,969.0,654.0,3.1092,500001.0,<1H OCEAN
318,-118.87,32.8,18.0,895.0,2028.0,476.0,535.0,3.7815,177500.0,<1H OCEAN
319,-121.97,33.39,25.0,3622.0,398.0,1338.0,545.0,4.2288,50000100.0,<1H OCEAN
320,-118.32,37.28,10.0,2469.0,2255.0,3354.0,554.0,2.2262,55900.0,<1H OCEAN
321,-117.04,34.58,29.0,3565.0,498.0,3342.0,919.0,3.1763,500001.0,NEAR BAY
322,-122.33,33.66,24.0,1737.0,534.0,1469.0,1363.0,4.2477,69600.0,NEAR BAY
323,-118.8,37.59,16.0,1427.0,579.0,798.0,3167.0,6.1747,157200.0,<1H OCEAN
324,-118.16,34.08,32.0,1286.0,823.0,787.0,565.0,2.7184,14000000.0,<1H OCEAN
325,-118.5,39.09,26.0,1381.0,852.0,2375.0,1162.0,3.519,359400.0,<1H OCEAN
326,-117.34,37.05,16.0,863.0,632.0,1335.0,617.0,6.065,67200.0,<1H OCEAN
327,-118.33,34.32,28.0,2932.0,2435.0,1740.0,597.0,3.41,175400.0,NEAR OCEAN
328,-122.44,34.83,25.0,789.0,2108.0,642.0,631.0,3.0,188600.0,<1H OCEAN
329,-118.27,34.61,52.0,629.0,776.0,1283.0,472.0,3.947,92400.0,<1H OCEAN
330,-121.49,37.88,34.0,2917.0,1263.0,2082.0,471.0,3.6122,1400001.0,NEAR BAY
331,-118.02,34.61,39.0,3625.0,20.0,3852.0,536.0,3.5611,500001.0,<1H OCEAN
332,-118.12,33.33,19.0,1085.0,918.0,3027.0,1695.0,3.5136,147400.0,INLAND
333,-118.09,38.41,30.0,2041.0,234.0,3079.0,675.0,2.8705,101700.0,NEAR OCEAN
334,-117.82,34.37,42.0,1212.0,749.0,496.0,553.0,1.15,137800.0,NEAR BAY
335,-118.74,33.92,42.0,887.0,127.0,765.0,618.0,4.0,61300.0,INLAND
336,-118.83,32.35,36.0,578.0,669.0,10.0,773.0,3.0513,45600.0,NEAR OCEAN
337,-119.0,38.54,18.0,3238.0,672.0,1357.0,565.0,2.3511,302800.0,NEAR OCEAN
338,-118.98,33.08,30.0,2832.0,1119.0,2783.0,335.0,2.4498,383300.0,NEAR OCEAN
339,-46.44,34.93,29.0,2538.0,459.0,1162.0,6.0,2.7278,126000.0,<1H OCEAN
340,-117.93,34.0,26.0,1479.0,353.0,959.0,414.0,2.5996,132100.0,NEAR BAY
341,-118.97,34.35,23.0,749.0,562.0,888.0,523.0,2.838,72400.0,NEAR OCEAN
342,-121.95,37.87,34.0,1314.0,1532.0,678.0,539.0,2.55,107500.0,INLAND
343,-117.08,37.16,39.0,1096.0,969.0,1098.0,1535.0,3.0968,4900.0,NEAR OCEAN
344,-118.09,33.07,30.0,573.0,101.0,2538.0,15.0,4.8395,142600.0,<1H OCEAN
345,-122.09,38.18,22.0,551.0,431.0,2837.0,562.0,3.9631,46900.0,<1H OCEAN
346,-118.41,37.3,17.0,447.0,438.0,1446.0,569.0,3.5,263300.0,INLAND
347,-118.33,33.0,35.0,1868.0,583.0,1568.0,2118.0,4.7378,44700.0,<1H OCEAN
348,-119.61,32.87,17.0,535.0,476.0,751.0,495.0,4.7378,105300.0,<1H OCEAN
349,-122.99,37.09,3.0,921.0,657.0,1323.0,769.0,4.8424,142400.0,<1H OCEAN
350,-122.16,34.24,30.0,2442.0,686.0,774.0,161.0,4.7989,142800.0,NEAR BAY
351,-118.0,34.66,25.0,463.0,661.0,762.0,518.0,3.7378,145800.0,<1H OCEAN
352,-122.0,33.0,23.0,3392.0,215.0,729.0,538.0,3.7887,500001.0,<1H OCEAN
353,-118.98,34.03,28.0,434.0,1078.0,1512.0,225.0,2.7826,243400.0,<1H OCEAN
354,-118.01,34.0,52.0,1665.0,969.0,1494.0,264.0,1.859,146400.0,INLAND
355,-122.12,36.04,13.0,1696.0,996.0,872.0,585.0,4.7513,127600.0,<1H OCEAN
356,-117.74,34.16,45.0,2652.0,637.0,1196.0,596.0,3.2132,1350000.0,NEAR OCEAN
357,-118.7,38.13,25.0,1864.0,723.0,1331.0,536.0,2.5279,500001.0,<1H OCEAN
358,-117.19,36.53,30.0,2318.0,588.0,1494.0,946.0,3.0987,12730000.0,INLAND
359,-122.8,33.31,15.0,1065.0,438.0,1202.0,25.0,3.567,134800.0,<1H OCEAN
360,-117.9,34.21,36.0,638.0,1083.0,788.0,739.0,3.8,125400.0,INLAND
361,-122.1,33.71,52.0,1096.0,558.0,887.0,794.0,5.7982,1026.0,NEAR BAY
362,-117.17,34.14,13.0,2981.0,977.0,1273.0,262.0,6.6472,175200.0,NEAR OCEAN
363,-118.17,37.79,33.0,1663.0,535.0,778.0,645.0,3.1213,11300.0,INLAND
364,-121.04,33.0,36.0,4125.0,534.0,2279.0,556.0,2.79,500001.0,<1H OCEAN
365,-121.05,37.04,15.0,2258.0,576.0,925.0,523.0,1.8122,70000.0,<1H OCEAN
366,-118.87,38.45,52.0,2149.0,434.0,1159.0,14.0,2.823,60000.0,INLAND
367,-118.44,38.09,30.0,2255.0,996.0,1261.0,622.0,3.6526,222400.0,<1H OCEAN
368,-117.15,33.02,27.0,1335.0,595.0,1299.0,835.0,3.6075,148900.0,<1H OCEAN
369,-122.9,34.64,32.0,1542.0,2748.0,769.0,449.0,3.9258,99200.0,<1H OCEAN
370,-122.23,33.99,35.0,1413.0,757.0,1736.0,248.0,5.866,69600.0,<1H OCEAN
371,-121.33,37.57,9.0,2069.0,246.0,1315.0,746.0,4.5291,167900.0,<1H OCEAN
372,-122.86,37.14,17.0,1285.0,848.0,2480.0,876.0,2.6428,256000.0,NEAR OCEAN
373,-117.09,36.22,35.0,324.0,2274.0,479.0,881.0,4.0422,184800.0,INLAND
374,-118.26,34.06,23.0,2668.0,3600.0,2435.0,622.0,5.5116,133300.0,INLAND
375,-117.18,34.11,12.0,698.0,875.0,1353.0,567.0,4.5879,189900.0,NEAR BAY
376,-122.97,32.66,35.0,2896.0,493.0,997.0,1244.0,3.976,92100.0,<1H OCEAN
377,-121.12,38.06,37.0,548.0,300.0,1029.0,9.0,4.33,212900.0,<1H OCEAN
378,-122.9,33.79,27.0,1378.0,790.0,476.0,825.0,5.565,143600.0,NEAR BAY
379,-120.43,33.91,31.0,676.0,721.0,2780.0,915.0,3.908,70300.0,NEAR OCEAN
380,-117.37,33.71,17.0,1168.0,690.0,2643.0,442.0,5.75,1000001.0,<1H OCEAN
381,-119.19,34.54,51.0,676.0,888.0,1229.0,315.0,3.1681,142900.0,<1H OCEAN
382,-117.13,34.34,29.0,711.0,320.0,1750.0,721.0,5.0235,99900.0,NEAR BAY
383,-118.22,34.17,52.0,6071.0,661.0,825.0,599.0,5.737849,3500001.0,NEAR BAY
384,-118.47,33.25,26.0,1227.0,476.0,1031.0,107.0,4.4604,109300.0,<1H OCEAN
385,-119.33,37.87,33.0,576.0,1272.0,397.0,662.0,3.6672,254800.0,NEAR OCEAN
386,-118.4,33.18,15.0,569.0,1545.0,1641.0,459.0,4.3801,4500.0,NEAR BAY
387,-119.08,34.98,18.0,648.0,875.0,1394.0,665.0,3.9333,17430000.0,<1H OCEAN
388,-120.91,34.94,35.0,1841.0,15.0,1313.0,217.0,2.4,46900.0,<1H OCEAN
389,-121.14,38.92,43.0,2832.0,823.0,1236.0,1083.0,4.919,63300.0,<1H OCEAN
390,-118.0,34.28,36.0,1696.0,661.0,1563.0,2244.0,3.4512,368400.0,NEAR OCEAN
391,-119.18,34.21,12.0,708.0,548.0,757.0,492.0,5.7833,121600.0,NEAR BAY
392,-118.23,33.09,15.0,1287.0,1101.0,1416.0,1793.0,5.8168,111500.0,NEAR OCEAN
393,-118.13,37.95,17.0,2854.0,629.0,848.0,667.0,3.1356,209900.0,NEAR OCEAN
394,-121.7,34.51,32.0,2664.0,1533.0,1097.0,559.0,5.6363,134700.0,INLAND
395,-122.18,36.57,15.0,548.0,1094.0,995.0,1325.0,2.2841,45700.0,<1H OCEAN
396,-118.27,37.3,30.0,1034.0,676.0,1641.0,763.0,3.9197,500001.0,NEAR OCEAN
397,-116.79,37.96,39.0,2052.0,20.0,2694.0,1335.0,4.7843,467500.0,INLAND
398,-117.9,33.25,35.0,1083.0,839.0,1469.0,857.0,3.4118,165400.0,<1H OCEAN
399,-118.98,37.95,21.0,1467.0,2374.0,946.0,579.0,3.5735,50000.0,INLAND
400,-118.12,33.24,15.0,883.0,1668.0,1536.0,2576.0,3.7281,157500.0,INLAND
401,-117.31,34.09,25.0,672.0,516.0,1203.0,403.0,2.5,145800.0,<1H OCEAN
402,-122.43,37.46,32.0,1689.0,716.0,1094.0,589.0,3.3346,148800.0,INLAND
403,-118.13,34.06,26.0,2714.0,476.0,875.0,621.0,3.1659,94800.0,<1H OCEAN
404,-117.06,34.66,24.0,749.0,686.0,779.0,787.0,3.908,59400.0,<1H OCEAN
405,-121.23,34.19,25.0,645.0,547.0,946.0,675.0,5.3663,179400.0,<1H OCEAN
406,-117.45,33.31,32.0,871.0,968.0,1215.0,562.0,3.0,153300.0,INLAND
407,-121.12,34.71,30.0,5458.0,18.0,546.0,407.0,2.4459,500001.0,INLAND
408,-118.41,34.0,17.0,2755.0,665.0,757.0,35.0,4.7333,69500.0,INLAND
409,-119.23,33.03,26.0,518.0,753.0,339.0,472.0,2.1289,259300.0,<1H OCEAN
410,-119.02,34.88,52.0,909.0,979.0,2525.0,621.0,2.1089,52600.0,NEAR BAY
411,-117.74,38.77,50.0,1338.0,1011.0,1264.0,773.0,3.7261,135800.0,INLAND
412,-122.96,37.61,28.0,441.0,486.0,1299.0,767.0,3.5887,135900.0,<1H OCEAN
413,-117.3,35.8,36.0,1263.0,614.0,2453.0,1628.0,4.3324,94400.0,<1H OCEAN
414,-118.9,33.0,52.0,3029.0,974.0,1081.0,514.0,3.743,187100.0,<1H OCEAN
415,-118.97,34.89,30.0,2410.0,543.0,916.0,271.0,4.1288,500001.0,<1H OCEAN
416,-122.84,40.16,52.0,757.0,507.0,489.0,101.0,3.3575,61600.0,INLAND
417,-121.78,37.8,42.0,1317.0,391.0,3735.0,203.0,1.6448,62900.0,NEAR OCEAN
418,-118.78,38.19,16.0,2019.0,538.0,1183.0,756.0,5.0947,50000.0,<1H OCEAN
419,-117.26,37.06,18.0,2837.0,678.0,2125.0,1287.0,3.1546,79700.0,NEAR BAY
420,-118.0,33.54,52.0,803.0,975.0,988.0,522.0,1.738,13000.0,<1H OCEAN
421,-122.02,34.28,45.0,1698.0,1575.0,1672.0,703.0,3.4286,366400.0,INLAND
422,-121.28,33.23,26.0,690.0,498.0,1132.0,1141.0,5.517,64300.0,<1H OCEAN
423,-118.75,33.09,15.0,1576.0,1715.0,5600.0,34.0,4.8385,15400.0,NEAR OCEAN
424,-122.13,36.13,18.0,590.0,5963.0,489.0,1169.0,2.8017,250000.0,<1H OCEAN
425,-118.2,37.33,33.0,5267.0,687.0,1046.0,918.0,4.623,80300.0,NEAR OCEAN
426,-118.43,33.4,31.0,3179.0,2244.0,598.0,821.0,3.8378,47400.0,<1H OCEAN
427,-117.96,35.22,36.0,4533.0,393.0,1062.0,468.0,4.1912,179900.0,<1H OCEAN
428,-117.16,33.52,32.0,594.0,1314.0,996.0,1422.0,4.5117,109400.0,INLAND
429,-121.09,34.75,17.0,1428.0,482.0,876.0,665.0,5.0702,467100.0,NEAR BAY
430,-118.87,33.56,9.0,1666.0,576.0,1237.0,318.0,3.9202,67500.0,INLAND
431,-122.28,33.02,36.0,2669.0,652.0,1541.0,988.0,2.5568,175900.0,<1H OCEAN
432,-118.31,33.06,21.0,974.0,545.0,783.0,695.0,5.5278,123400.0,NEAR BAY
433,-117.32,34.0,10.0,1330.0,586.0,2516.0,2203.0,2.09,150000.0,INLAND
434,-121.19,37.67,42.0,813.0,576.0,1275.0,72.0,3.8167,240000.0,NEAR BAY
435,-122.9,35.28,34.0,967.0,593.0,1565.0,1362.0,3.7205,65400.0,<1H OCEAN
436,-118.28,38.4,21.0,1388.0,127.0,13.0,280.0,3.9333,141600.0,NEAR BAY
437,-120.2,38.88,39.0,681.0,1175.0,1471.0,588.0,4.5386,121200.0,<1H OCEAN
438,-117.49,33.17,45.0,1386.0,1245.0,969.0,452.0,3.2123,500001.0,INLAND
439,-119.34,33.14,30.0,3273.0,591.0,598.0,734.0,4.5178,144800.0,INLAND
440,-122.22,32.85,8.0,579.0,696.0,486.0,836.0,3.739,93400.0,NEAR BAY
441,-117.96,32.96,32.0,679.0,553.0,813.0,653.0,2.614,33400.0,NEAR OCEAN
442,-118.37,34.08,30.0,1165.0,832.0,1215.0,1242.0,4.95,64500.0,<1H OCEAN
443,-117.94,37.93,30.0,2664.0,586.0,1648.0,538.0,2.5026,18300.0,INLAND
444,-117.25,34.96,25.0,1104.0,3168.0,1634.0,9.0,4.7891,53300.0,<1H OCEAN
445,-117.88,34.47,10.0,2121.0,785.0,1284.0,845.0,5.622,173500.0,NEAR OCEAN
446,-118.81,33.54,31.0,3464.0,1715.0,1095.0,595.0,2.5274,63900.0,<1H OCEAN
447,-118.4,37.71,35.0,629.0,684.0,749.0,271.0,4.3864,140000.0,INLAND
448,-117.09,37.0,35.0,3845.0,727.0,583.0,224.0,5.1428,16400.0,NEAR OCEAN
449,-117.97,34.66,26.0,504.0,843.0,1528.0,578.0,2.8069,152800.0,NEAR OCEAN
450,-120.85,39.0,18.0,2664.0,675.0,666.0,673.0,3.8647,173800.0,INLAND
451,-118.43,34.9,21.0,732.0,246.0,1721.0,935.0,3.8922,147500.0,<1H OCEAN
452,-117.89,32.81,22.0,2964.0,462.0,895.0,467.0,4.3583,167500.0,<1H OCEAN
453,-122.0,33.09,27.0,1048.0,1072.0,886.0,1227.0,5.3726,265800.0,<1H OCEAN
454,-122.47,34.32,16.0,3516.0,876.0,1087.0,1078.0,2.5,162900.0,<1H OCEAN
455,-119.75,33.0,29.0,1354.0,588.0,472.0,578.0,3.5201,230400.0,INLAND
456,-118.21,36.09,23.0,1322.0,1512.0,1396.0,778.0,3.923,140000.0,<1H OCEAN
457,-118.93,34.5,35.0,2664.0,663.0,663.0,722.0,3.874,27500.0,<1H OCEAN
458,-121.24,34.06,5.0,696.0,764.0,481.0,319.0,2.1592,90300.0,<1H OCEAN
459,-120.85,38.11,19.0,2417.0,498.0,2485.0,474.0,3.5281,154800.0,<1H OCEAN
460,-119.24,37.02,44.0,1671.0,1590.0,622.0,628.0,3.5527,106400.0,<1H OCEAN
461,-118.01,37.18,52.0,536.0,452.0,754.0,561.0,3.5599,167700.0,<1H OCEAN
462,-121.25,40.99,36.0,1135.0,18.0,1204.0,756.0,2.827,7000000.0,<1H OCEAN
463,-122.27,33.12,16.0,842.0,547.0,718.0,557.0,4.5115,147500.0,<1H OCEAN
464,-122.88,37.32,5.0,557.0,2167.0,1051.0,2574.0,2.1254,1600000.0,NEAR BAY
465,-121.6,33.33,12.0,3672.0,469.0,1297.0,614.0,3.0339,1000001.0,INLAND
466,-117.09,37.02,29.0,423.0,693.0,2475.0,37.0,3.1442,92100.0,<1H OCEAN
467,-118.23,37.09,50.0,2614.0,804.0,1075.0,25.0,7.5,142100.0,INLAND
468,-118.9,37.14,29.0,585.0,565.0,888.0,638.0,2.5,500001.0,<1H OCEAN
469,-117.0,35.0,17.0,339.0,489.0,1278.0,627.0,3.5175,63500.0,INLAND
470,-122.0,33.35,31.0,703.0,2535.0,2651.0,564.0,1.0946,146900.0,INLAND
471,-122.24,37.18,16.0,1552.0,346.0,1437.0,596.0,1.6431,17000000.0,<1H OCEAN
472,-117.44,37.35,26.0,486.0,2141.0,1820.0,932.0,3.8028,149600.0,NEAR OCEAN
473,-121.08,34.02,7.0,1695.0,659.0,1263.0,883.0,2.5835,66500.0,<1H OCEAN
474,-118.44,33.8,24.0,1710.0,523.0,1065.0,918.0,4.9333,398000.0,INLAND
475,-118.44,34.45,34.0,2918.0,631.0,621.0,486.0,3.0918,149400.0,NEAR BAY
476,-122.3,37.16,14.0,1776.0,1772.0,837.0,573.0,2.2127,426000.0,NEAR OCEAN
477,-122.18,34.11,6.0,545.0,486.0,1135.0,635.0,8.1845,179900.0,<1H OCEAN
478,-121.08,34.0,38.0,1071.0,579.0,1351.0,2901.0,1.8122,139300.0,NEAR OCEAN
479,-119.49,37.91,16.0,1395.0,1281.0,1385.0,1319.0,3.7525,90500.0,NEAR OCEAN
480,-118.95,34.0,16.0,577.0,2544.0,1596.0,518.0,3.6261,307800.0,INLAND
481,-121.81,34.02,18.0,47600.0,690.0,2480.0,1730.0,1.8293,245000.0,<1H OCEAN
482,-118.01,33.0,10.0,2471.0,2713.0,1269.0,878.0,3.5141,142100.0,NEAR OCEAN
483,-119.83,34.85,15.0,3100.0,676.0,774.0,579.0,4.979,109400.0,INLAND
484,-119.19,37.4,24.0,1717.0,368.0,2301.0,423.0,3.1421,121300.0,INLAND
485,-121.92,37.81,30.0,964.0,836.0,968.0,836.0,4.3593,120300.0,INLAND
486,-117.87,34.8,13.0,267.0,522.0,836.0,636.0,3.3273,74800.0,<1H OCEAN
487,-122.2,33.45,35.0,890.0,1657.0,2379.0,439.0,4.8299,141100.0,NEAR BAY
488,-122.14,34.19,45.0,1569.0,526.0,730.0,596.0,3.942,500001.0,NEAR OCEAN
489,-122.8,37.95,34.0,299.0,881.0,1386.0,649.0,4.8385,96600.0,<1H OCEAN
490,-118.03,37.13,30.0,621.0,832.0,1406.0,674.0,4.526,162400.0,INLAND
491,-121.28,34.24,36.0,1820.0,3125.0,1385.0,559.0,3.5717,99600.0,<1H OCEAN
492,-117.98,33.7,34.0,1152.0,807.0,1335.0,599.0,4.5129,263400.0,<1H OCEAN
493,-122.96,38.3,52.0,1824.0,3122.0,1149.0,628.0,2.568,177900.0,<1H OCEAN
494,-121.47,35.93,27.0,477.0,595.0,1022.0,615.0,2.7278,176600.0,INLAND
495,-118.08,33.95,24.0,868.0,2.0,841.0,519.0,5.0378,133300.0,INLAND
496,-122.96,34.12,18.0,2711.0,661.0,826.0,315.0,2.7278,79800.0,INLAND
497,-118.44,40.8,14.0,1089.0,1423.0,1152.0,557.0,4.6156,183900.0,INLAND
498,-117.31,34.18,30.0,468.0,762.0,1635.0,774.0,2.2928,101300.0,<1H OCEAN
499,-118.93,33.04,14.0,3233.0,275.0,779.0,677.0,4.1561,163300.0,<1H OCEAN
500,-117.13,33.04,39.0,220.0,587.0,3262.0,1066.0,3.5266,7500.0,<1H OCEAN
501,-122.35,34.93,16.0,3753.0,1831.0,392.0,519.0,4.7118,66200.0,<1H OCEAN
502,-117.57,37.88,32.0,779.0,368.0,397.0,478.0,3.6273,67200.0,<1H OCEAN
503,-117.31,38.2,39.0,5333.0,4817.0,1156.0,663.0,1.4,5500.0,INLAND
504,-118.18,33.13,21.0,2757.0,722.0,1159.0,456.0,4.7865,72100.0,<1H OCEAN
505,-121.23,37.16,31.0,2523.0,576.0,382.0,542.0,1.5122,149800.0,<1H OCEAN
506,-118.44,33.93,52.0,469.0,999.0,2562.0,566.0,3.1234,145900.0,<1H OCEAN
507,-118.95,34.96,37.0,2435.0,1033.0,1201.0,2535.0,5.2,91900.0,INLAND
508,-118.96,33.16,5.0,539.0,1386.0,2901.0,765.0,2.7928,69700.0,<1H OCEAN
509,-118.88,33.09,34.0,2871.0,469.0,648.0,1541.0,2.871,149900.0,INLAND
510,-117.19,34.33,38.0,2638.0,558.0,1723.0,589.0,3.78,87700.0,<1H OCEAN
511,-118.37,38.33,15.0,1880.0,668.0,2575.0,757.0,2.3117,95700.0,<1H OCEAN
512,-121.78,33.83,23.0,4168.0,439.0,1448.0,486.0,3.5262,36400.0,<1H OCEAN
513,-120.81,33.0,34.0,2533.0,471.0,1378.0,686.0,3.4273,88700.0,<1H OCEAN
514,-117.16,33.05,20.0,2817.0,696.0,615.0,3614.0,2.3749,121300.0,<1H OCEAN
515,-122.95,33.43,36.0,811.0,1076.0,1873.0,1135.0,3.566,4800000.0,<1H OCEAN
516,-121.06,36.16,36.0,2224.0,101.0,1606.0,1081.0,3.799,1625000.0,<1H OCEAN
517,-118.28,36.09,35.0,1564.0,17.0,1685.0,536.0,4.7233,173500.0,<1H OCEAN
518,-122.47,38.9,52.0,463.0,2976.0,1735.0,1076.0,5.7115,137500.0,INLAND
519,-121.29,37.19,34.0,1594.0,774.0,2417.0,466.0,2.2,45700.0,INLAND
520,-117.0,33.05,18.0,267.0,368.0,545.0,463.0,4.7125,149800.0,INLAND
521,-118.83,33.51,35.0,3757.0,641.0,535.0,1290.0,4.3876,268400.0,<1H OCEAN
522,-117.9,34.02,41.0,1487.0,1379.0,631.0,599.0,2.923,600001.0,NEAR OCEAN
523,-115.07,37.08,19.0,4705.0,423.0,1374.0,748.0,4.4856,1850000.0,NEAR OCEAN
524,-118.24,34.12,15.0,1435.0,642.0,1248.0,498.0,3.3253,141600.0,<1H OCEAN
525,-117.04,33.9,16.0,609.0,869.0,4350.0,546.0,4.9463,167800.0,INLAND
526,-118.13,34.27,36.0,6120.0,642.0,653.0,572.0,3.9,187800.0,<1H OCEAN
527,-121.33,34.97,36.0,486.0,676.0,2562.0,25.0,5.2594,209400.0,NEAR BAY
528,-121.28,32.54,37.0,1332.0,1672.0,1796.0,1093.0,3.3364,50000.0,<1H OCEAN
529,-121.12,33.44,5.0,1445.0,9.0,1583.0,1602.0,1.722,143500.0,<1H OCEAN
530,-117.95,37.91,34.0,1842.0,526.0,2577.0,675.0,3.71783,17140000.0,<1H OCEAN
531,-118.08,34.37,3.0,586.0,536.0,1286.0,635.0,8.8,450000.0,INLAND
532,-118.44,34.09,36.0,2083.0,911.0,2962.0,539.0,5.9375,286600.0,<1H OCEAN
533,-122.01,34.7,13.0,1289.0,899.0,765.0,471.0,1.5647,169900.0,NEAR OCEAN
534,-118.81,34.28,32.0,1757.0,1285.0,476.0,812.0,2.7333,703100.0,INLAND
535,-122.18,32.9,18.0,2302.0,20.0,793.0,1735.0,1.3621,125900.0,NEAR BAY
536,-122.74,34.98,36.0,1856.0,576.0,1527.0,449.0,4.17,310000.0,NEAR OCEAN
537,-118.09,33.92,36.0,1464.0,2374.0,3318.0,695.0,1.5,74300.0,<1H OCEAN
538,-118.86,34.9,6.0,575.0,773.0,888.0,579.0,5.908,344900.0,<1H OCEAN
539,-122.0,33.09,37.0,883.0,567.0,616.0,586.0,3.1082,25500.0,INLAND
540,-115.41,33.09,15.0,5854.0,2753.0,797.0,635.0,2.2117,189400.0,NEAR BAY
541,-118.93,37.09,34.0,696.0,597.0,3263.0,678.0,4.7235,106600.0,<1H OCEAN
542,-122.84,34.05,1.0,1684.0,823.0,1077.0,656.0,7.7338,113300.0,<1H OCEAN
543,-118.43,33.78,27.0,2120.0,903.0,1665.0,2344.0,1.7299,500001.0,<1H OCEAN
544,-121.24,34.54,26.0,1104.0,4915.0,1065.0,1635.0,5.8247,169400.0,<1H OCEAN
545,-121.95,33.85,35.0,1726.0,2741.0,2436.0,176.0,4.7865,165900.0,<1H OCEAN
546,-118.08,36.37,52.0,861.0,964.0,1405.0,693.0,6.9266,92800.0,<1H OCEAN
547,-122.51,37.69,25.0,1779.0,518.0,668.0,356.0,3.5156,93300.0,INLAND
548,-121.28,33.86,19.0,2333.0,686.0,538.0,567.0,2.6303,120200.0,<1H OCEAN
549,-118.41,34.19,51.0,2724.0,101.0,1713.0,775.0,1.6255,146300.0,NEAR OCEAN
550,-117.24,33.09,29.0,1311.0,467.0,1085.0,45.0,3.7886,250000.0,<1H OCEAN
551,-117.1,37.95,19.0,889.0,631.0,832.0,375.0,2.567,260000.0,NEAR OCEAN
552,-117.84,32.17,15.0,908.0,2568.0,1303.0,596.0,2.0632,212800.0,<1H OCEAN
553,-121.37,37.82,30.0,2672.0,2094.0,1672.0,769.0,2.5572,43001.0,INLAND
554,-118.8,34.43,7.0,2744.0,635.0,1338.0,638.0,2.7576,50000.0,<1H OCEAN
555,-117.99,37.63,19.0,622.0,1674.0,1066.0,994.0,3.6397,70000.0,<1H OCEAN
556,-122.8,37.69,18.0,1322.0,419.0,1513.0,598.0,2.1732,90000.0,<1H OCEAN
557,-122.28,38.81,17.0,2567.0,647.0,2837.0,438.0,11.4699,125900.0,NEAR BAY
558,-116.16,37.98,1.0,2547.0,1163.0,2663.0,1256.0,8.1067,182600.0,<1H OCEAN
559,-118.74,34.32,23.0,857.0,431.0,907.0,2125.0,2.7184,46700.0,<1H OCEAN
560,-121.0,33.14,39.0,1093.0,537.0,1425.0,594.0,2.1085,135900.0,NEAR BAY
561,-118.12,-116.42,7.0,1785.0,451.0,2435.0,16.0,1.8286,139700.0,<1H OCEAN
562,-121.29,33.25,16.0,2469.0,622.0,2069.0,20.0,3.539,51300.0,NEAR OCEAN
563,-118.63,33.97,27.0,3292.0,789.0,1426.0,280.0,3.8266,20100.0,INLAND
564,-118.07,34.4,47.0,1078.0,974.0,3167.0,526.0,3.6497,112600.0,<1H OCEAN
565,-117.45,34.93,17.0,2529.0,922.0,796.0,20.28,4.0265,45900.0,NEAR OCEAN
566,-117.2,33.11,19.0,493.0,2536.0,1275.0,1799.0,2.786,296600.0,NEAR OCEAN
567,-122.76,37.83,35.0,984.0,566.0,1091.0,583.0,3.3118,403900.0,<1H OCEAN
568,-122.74,37.87,15.0,2417.0,811.0,1869.0,744.0,2.0333,81300.0,<1H OCEAN
569,-118.95,33.94,52.0,1464.0,543.0,963.0,398.0,4.3379,339200.0,INLAND
570,-117.32,38.3,43.0,1072.0,1341.0,1217.0,441.0,2.3283,144600.0,<1H OCEAN
571,-121.4,33.32,4.0,462.0,476.0,782.0,8.0,1.6036,234700.0,<1H OCEAN
572,-117.03,34.93,3.0,2538.0,518.0,452.0,548.0,2.2328,172900.0,<1H OCEAN
573,-117.23,37.78,18.0,2520.0,769.0,815.0,599.0,4.2356,148800.0,<1H OCEAN
574,-119.41,37.8,10.0,522.0,603.0,1422.0,873.0,3.0458,500001.0,NEAR OCEAN
575,-117.44,32.04,37.0,1629.0,613.0,16.0,585.0,7.58,177500.0,INLAND
576,-118.31,37.43,24.0,1324.0,2362.0,1515.0,1089.0,2.6789,57600.0,<1H OCEAN
577,-122.09,37.95,39.0,1598.0,1185.0,1575.0,1019.0,3.4149,109400.0,<1H OCEAN
578,-118.31,33.12,16.0,478.0,578.0,1757.0,623.0,2.1576,146400.0,<1H OCEAN
579,-116.28,38.82,22.0,1776.0,672.0,1678.0,1577.0,4.757416,339000.0,<1H OCEAN
580,-119.79,37.17,35.0,653.0,1172.0,1640.0,564.0,3.9,3000001.0,INLAND
581,-118.94,34.11,28.0,1533.0,1584.0,2776.0,1769.0,6.5664,205900.0,<1H OCEAN
582,-117.09,38.16,49.0,476.0,504.0,1391.0,731.0,2.1086,200001.0,NEAR OCEAN
583,-118.21,37.06,16.0,607.0,452.0,1404.0,466.0,4.6538,139400.0,INLAND
584,-118.93,34.21,32.0,2244.0,558.0,924.0,903.0,2.2622,32400.0,<1H OCEAN
585,-119.08,37.4,26.0,537.0,549.0,1783.0,595.0,3.0538,14000.0,<1H OCEAN
586,-118.12,18.11,45.0,1280.0,573.0,1245.0,1169.0,2.9524,146000.0,NEAR OCEAN
587,-122.7,34.77,7.0,2822.0,643.0,1744.0,733.0,4.1548,164700.0,<1H OCEAN
588,-124.03,37.95,24.0,867.0,101.0,1263.0,747.0,4.6094,60000.0,NEAR BAY
589,-121.3,33.54,28.0,2556.0,1268.0,186.0,998.0,2.6417,346500.0,NEAR BAY
590,-120.32,38.04,17.0,818.0,246.0,2591.0,596.0,4.1052,172600.0,<1H OCEAN
591,-117.3,34.18,20.0,1234.0,201.0,1674.0,736.0,1.06,15300.0,INLAND
592,-121.93,33.9,33.0,2415.0,703.0,1499.0,1214.0,2.8,50000.0,NEAR BAY
593,-119.19,38.25,52.0,1551.0,665.0,3122.0,27.0,2.8883,175800.0,<1H OCEAN
594,-118.28,33.95,32.0,585.0,1317.0,1394.0,1757.0,3.9802,262400.0,<1H OCEAN
595,-121.84,34.22,47.0,598.0,1619.0,907.0,756.0,1.918,102300.0,INLAND
596,-121.93,34.12,38.0,707.0,1573.0,921.0,839.0,2.4183,365400.0,NEAR OCEAN
597,-122.33,34.04,52.0,4540.0,829.0,1078.0,2810.0,3.6122,45989.0,<1H OCEAN
598,-118.97,38.05,36.0,518.0,11.0,2081.0,567.0,2.2,270000.0,INLAND
599,-120.34,33.78,24.0,1058.0,565.0,951.0,1279.0,3.9,239900.0,<1H OCEAN
600,-118.17,37.91,35.0,788.0,976.0,974.0,1028.0,2.1778,61700.0,<1H OCEAN
601,-117.62,39.6,24.0,2807.0,571.0,918.0,557.0,2.9387,102100.0,<1H OCEAN
602,-122.64,34.03,10.0,1241.0,586.0,467.0,1778.0,2.8132,141700.0,<1H OCEAN
603,-118.17,33.06,8.0,1264.0,1531.0,979.0,639.0,4.21,71200.0,<1H OCEAN
604,-121.92,37.31,42.0,603.0,1272.0,876.0,514.0,2.5089,174700.0,NEAR BAY
605,-121.37,33.12,45.0,2202.0,490.0,1599.0,584.0,2.9822,22600.0,<1H OCEAN
606,-118.23,34.78,14.0,1406.0,368.0,796.0,962.0,4.5286,104600.0,<1H OCEAN
607,-117.7,33.88,52.0,576.0,589.0,1384.0,110.0,2.143197,2815.0,INLAND
608,-117.91,33.91,15.0,1062.0,622.0,1591.0,2323.0,6.8205,146400.0,<1H OCEAN
609,-119.13,33.87,52.0,576.0,695.0,1601.0,2477.0,2.3533,155900.0,<1H OCEAN
610,-122.17,36.99,15.0,2538.0,994.0,189.0,367.0,2.3887,110000.0,NEAR OCEAN
611,-118.94,33.9,36.0,3188.0,533.0,1535.0,885.0,3.917,57600.0,NEAR OCEAN
612,-117.87,32.59,38.0,1217.0,662.0,989.0,330.0,4.65,289800.0,<1H OCEAN
613,-122.07,37.92,6.0,2466.0,576.0,665.0,215.0,6.1795,66300.0,<1H OCEAN
614,-118.23,38.8,26.0,2686.0,876.0,1838.0,637.0,4.8,309400.0,NEAR OCEAN
615,-122.44,34.21,52.0,929.0,1389.0,886.0,275.0,3.8262,154800.0,<1H OCEAN
616,-121.24,37.95,28.0,253.0,936.0,1241.0,489.0,5.9095,500001.0,<1H OCEAN
617,-121.87,38.12,36.0,2074.0,320.0,2637.0,11.0,4.1241,93300.0,INLAND
618,-118.25,34.57,20.0,626.0,1096.0,1850.0,399.0,3.9267,441600.0,INLAND
619,-121.13,37.7,20.0,944.0,905.0,1231.0,449.0,3.2979,81800.0,<1H OCEAN
620,-118.32,34.34,52.0,1417.0,476.0,651.0,938.0,2.0,64001.0,INLAND
621,-122.16,37.05,32.0,1094.0,307.0,1401.0,874.0,2.2093,171600.0,NEAR OCEAN
622,-118.87,33.56,52.0,2287.0,566.0,1284.0,565.0,10.5333,61400.0,<1H OCEAN
623,-118.9,37.4,52.0,1659.0,581.0,1460.0,196.0,2.0429,3500001.0,<1H OCEAN
624,-117.24,33.47,29.0,768.0,587.0,5982.0,1598.0,3.021,174800.0,<1H OCEAN
625,-118.11,34.46,33.0,934.0,543.0,765.0,514.0,3.6033,149900.0,<1H OCEAN
626,-117.19,34.82,16.0,2671.0,25.0,1899.0,572.0,3.5942,150000.0,INLAND
627,-120.03,34.41,22.0,1078.0,839.0,551.0,1085.0,5.0388,170000.0,<1H OCEAN
628,-118.79,34.06,36.0,1033.0,586.0,973.0,576.0,2.1017,189900.0,NEAR OCEAN
629,-118.3,37.11,27.0,2069.0,1727.0,757.0,535.0,3.5996,174800.0,<1H OCEAN
630,-122.13,34.25,29.0,622.0,49.0,642.0,1457.0,1.4167,500001.0,NEAR OCEAN
631,-122.15,33.2,36.0,946.0,1433.0,609.0,571.0,3.823,152900.0,<1H OCEAN
632,-120.09,33.97,31.0,2122.0,559.0,1074.0,741.0,3.8647,86700.0,<1H OCEAN
633,-118.19,34.2,36.0,1262.0,682.0,3304.0,8.0,1.9128,51900.0,INLAND
634,-119.0,37.43,26.0,696.0,564.0,952.0,811.0,2.5044,184300.0,INLAND
635,-117.05,33.06,51.0,1325.0,579.0,1536.0,597.0,2.9802,154400.0,<1H OCEAN
636,-121.14,32.81,10.0,264.0,943.0,498.0,974.0,1.83711,80300.0,<1H OCEAN
637,-118.19,34.32,23.0,2541.0,26.0,686.0,586.0,4.5239,450000.0,INLAND
638,-122.84,40.78,36.0,1268.0,536.0,531.0,13.0,3.8117,75700.0,NEAR OCEAN
639,-120.25,33.85,16.0,1488.0,883.0,546.0,370.0,2.4272,47600.0,<1H OCEAN
640,-118.45,36.99,29.0,3785.0,718.0,1277.0,546.0,10.8122,105800.0,INLAND
641,-118.93,40.63,52.0,864.0,676.0,1779.0,667.0,3.7977,250000.0,<1H OCEAN
642,-122.95,34.31,36.0,1365.0,573.0,1841.0,2188.0,3.4167,159900.0,<1H OCEAN
643,-120.18,37.81,25.0,1326.0,1269.0,975.0,669.0,2.18,165600.0,INLAND
644,-118.78,37.03,32.0,1606.0,638.0,14.1,718.0,2.9255,159300.0,NEAR OCEAN
645,-118.0,34.05,23.0,1651.0,1390.0,973.0,769.0,2.564,98800.0,<1H OCEAN
646,-120.26,33.82,41.0,1403.0,472.0,2038.0,873.0,5.9649,146700.0,<1H OCEAN
647,-118.97,34.33,36.0,1431.0,1633.0,1350.0,9.0,3.5281,14990000.0,<1H OCEAN
648,-121.0,33.0,12.0,1562.0,668.0,1472.0,495.0,2.886,267700.0,INLAND
649,-118.54,34.06,26.0,3999.0,467.0,579.0,676.0,2.1729,452500.0,NEAR BAY
650,-118.89,33.09,15.0,1065.0,412.0,3999.0,1572.0,4.3835,115000.0,<1H OCEAN
651,-117.25,34.31,36.0,1710.0,50.0,1785.0,874.0,1.78,175500.0,<1H OCEAN
652,-121.19,33.25,24.0,1433.0,664.0,1201.0,799.0,4.08,161678.0,<1H OCEAN
653,-118.93,34.89,35.0,925.0,35.0,1097.0,479.0,2.5146,162900.0,<1H OCEAN
654,-122.1,37.99,36.0,3710.0,549.0,1468.0,565.0,2.6875,85400.0,<1H OCEAN
655,-122.94,37.05,36.0,626.0,413.0,1466.0,1017.0,1.2428,129600.0,INLAND
656,-118.87,37.09,16.0,1713.0,2.0,2702.0,744.0,2.9333,122800.0,<1H OCEAN
657,-117.75,33.67,28.0,2188.0,1331.0,91.0,23.0,2.0533,175500.0,NEAR OCEAN
658,-117.03,32.6,38.0,1316.0,549.0,1773.0,545.0,4.8817,49000.0,INLAND
659,-122.44,33.88,35.0,1896.0,13.0,779.0,575.0,3.8717,133500.0,<1H OCEAN
660,-118.49,38.09,23.0,585.0,496.0,878.0,1076.0,7.893,89300.0,<1H OCEAN
661,-122.11,34.71,44.0,3837.0,927.0,21.0,567.0,6.7235,143900.0,<1H OCEAN
662,-122.19,33.46,16.0,688.0,522.0,1107.0,567.0,3.922,146600.0,<1H OCEAN
663,-118.75,33.28,29.0,1774.0,673.0,3333.0,696.0,3.1535,157700.0,<1H OCEAN
664,-118.4,37.31,52.0,656.0,936.0,2125.0,2267.0,3.78,87600.0,NEAR BAY
665,-121.75,33.0,52.0,732.0,673.0,1362.0,663.0,3.0914,256300.0,NEAR OCEAN
666,-117.06,34.0,10.0,757.0,483.0,542.0,483.0,3.0442,500001.0,<1H OCEAN
667,-122.19,37.98,42.0,671.0,1043.0,1287.0,49.0,2.68,6250000.0,NEAR BAY
668,-121.19,34.14,8.0,516.0,945.0,1703.0,483.0,2.1735,81300.0,NEAR OCEAN
669,-117.83,36.61,36.0,2464.0,446.0,696.0,557.0,4.7,287900.0,<1H OCEAN
670,-118.96,34.32,14.0,2701.0,1538.0,3064.0,807.0,3.0413,185000.0,<1H OCEAN
671,-121.49,33.82,50.0,3014.0,1326.0,1675.0,446.0,2.5371,311111.0,NEAR OCEAN
672,-118.75,32.06,21.0,3249.0,876.0,1569.0,841.0,2.7184,500000.0,NEAR OCEAN
673,-122.99,34.78,4.0,482.0,514.0,457.0,590.0,4.0,57500.0,<1H OCEAN
674,-119.88,38.78,27.0,3141.0,1332.0,594.0,828.0,8.0629,101300.0,<1H OCEAN
675,-119.0,33.87,29.0,765.0,1248.0,1402.0,467.0,2.8738,260000.0,<1H OCEAN
676,-117.33,34.78,52.0,5027.0,629.0,26.0,431.0,4.5286,95300.0,NEAR OCEAN
677,-122.13,33.46,16.0,1794.0,1035.0,557.0,2841.0,2.7151,36400.0,NEAR BAY
678,-118.47,33.25,52.0,1623.0,890.0,629.0,288.0,2.5288,3656200.0,<1H OCEAN
679,-117.34,34.3,35.0,5255.0,664.0,1584.0,573.0,4.1826,182800.0,NEAR BAY
680,-118.03,37.18,35.0,1850.0,682.0,392.0,3003.0,2.2971,146921.0,INLAND
681,-123.07,34.56,16.0,566.0,581.0,2478.0,471.0,4.3125,96600.0,NEAR BAY
682,-117.43,34.95,15.0,652.0,1365.0,2098.0,762.0,4.7,50000.0,<1H OCEAN
683,-118.81,37.62,11.0,1886.0,2122.0,1431.0,899.0,2.2122,131600.0,NEAR OCEAN
684,-122.24,37.7,34.0,1676.0,637.0,771.0,536.0,2.5287,400001.0,<1H OCEAN
685,-115.03,33.78,36.0,3278.0,1843.0,586.0,446.0,2.9333,106600.0,NEAR OCEAN
686,-117.49,33.57,28.0,2441.0,667.0,552.0,477.0,2.891,205500.0,<1H OCEAN
687,-118.09,34.91,16.0,1231.0,762.0,916.0,143.0,1.2262,90300.0,<1H OCEAN
688,-117.24,34.06,34.0,1289.0,626.0,1192.0,488.0,2.4385,167900.0,<1H OCEAN
689,-118.33,37.34,47.0,1335.0,638.0,1027.0,551.0,3.1332,134700.0,<1H OCEAN
690,-122.19,37.92,30.0,895.0,592.0,1738.0,538.0,3.1212,368000.0,<1H OCEAN
691,-121.25,-118.16,50.0,779.0,467.0,874.0,16.0,2.1486,10500.0,NEAR BAY
692,-121.11,33.93,39.0,3650.0,1176.0,1268.0,1415.0,3.8,175400.0,INLAND
693,-118.66,37.97,4.0,1662.0,2722.0,1544.0,275.0,3.7122,135900.0,NEAR BAY
694,-121.11,33.67,26.0,638.0,673.0,1779.0,1227.0,2.5116,172600.0,<1H OCEAN
695,-118.18,33.18,31.0,2284.0,656.0,1316.0,486.0,3.5523,339100.0,INLAND
696,-121.83,33.4,15.0,2104.0,638.0,28.0,1051.0,6.3336,361600.0,NEAR OCEAN
697,-122.41,37.14,30.0,679.0,614.0,715.0,5.0,1.3412,80000.0,INLAND
698,-121.33,38.96,37.0,1027.0,537.0,1557.0,762.0,3.6628,174800.0,<1H OCEAN
699,-121.06,37.33,33.0,4167.0,39.0,1513.0,459.0,3.1878,250000.0,INLAND
700,-122.0,37.33,37.0,3568.0,675.0,1012.0,20.0,3.3389,2301.0,INLAND
701,-117.04,33.0,26.0,786.0,399.0,537.0,392.0,2.6431,209400.0,NEAR OCEAN
702,-117.24,34.12,24.0,1027.0,478.0,1395.0,4319.0,4.9397,183300.0,<1H OCEAN
703,-117.91,34.94,16.0,799.0,2255.0,730.0,545.0,2.0042,169400.0,NEAR OCEAN
704,-120.03,37.16,35.0,2424.0,511.0,822.0,3.79,3.2581,245400.0,<1H OCEAN
705,-119.85,34.14,18.0,842.0,362.0,671.0,47.0,3.6022,174800.0,<1H OCEAN
706,-118.66,34.18,36.0,2420.0,486.0,175.0,473.0,3.8,50000.0,INLAND
707,-118.79,33.18,25.0,5167.0,567.0,1562.0,623.0,4.3833,121300.0,<1H OCEAN
708,-122.42,37.04,6.0,715.0,2854.0,1268.0,866.0,5.8266,109300.0,INLAND
709,-118.06,33.0,48.0,1756.0,2851.0,576.0,536.0,3.9868,121300.0,INLAND
710,-121.28,37.59,8.0,5278.0,666.0,1494.0,459.0,1.1852,269900.0,<1H OCEAN
711,-117.95,36.12,37.0,617.0,823.0,1396.0,518.0,2.5533,181100.0,NEAR OCEAN
712,-118.95,34.95,15.0,1055.0,538.0,1354.0,662.0,2.6812,120000.0,<1H OCEAN
713,-117.28,38.24,9.0,826.0,3534.0,1016.0,159.0,2.9121,500001.0,INLAND
714,-117.25,34.32,36.0,2376.0,441.0,214.0,538.0,4.0201,165900.0,NEAR OCEAN
715,-118.4,34.04,19.0,2085.0,2086.0,1105.0,931.0,1.8266,209800.0,NEAR BAY
716,-117.31,34.0,37.0,2976.0,1078.0,923.0,204.0,1.966,55700.0,INLAND
717,-121.06,33.23,16.0,1314.0,1231.0,1457.0,545.0,6.1278,139500.0,INLAND
718,-117.88,37.9,30.0,1342.0,12.0,5.0,25.0,3.1791,77600.0,NEAR BAY
719,-118.38,34.1,10.0,1185.0,614.0,1715.0,556.0,3.8478,204700.0,<1H OCEAN
720,-118.43,33.19,17.0,2631.0,632.0,5500.0,131.0,3.8616,135800.0,<1H OCEAN
721,-117.83,36.81,32.0,4541.0,586.0,1019.0,357.0,2.4179,98900.0,<1H OCEAN
722,-117.66,36.12,17.0,557.0,18.0,2350.0,466.0,3.0921,349200.0,NEAR BAY
723,-118.83,33.3,18.0,1571.0,492.0,969.0,576.0,3.68,186600.0,INLAND
724,-118.7,37.19,40.0,469.0,615.0,1514.0,863.0,3.9266,54800.0,<1H OCEAN
725,-122.44,37.16,52.0,2816.0,507.0,1321.0,462.0,2.1375,130000.0,<1H OCEAN
726,-118.35,33.04,20.0,498.0,2273.0,816.0,2184.0,4.3716,129600.0,<1H OCEAN
727,-119.79,37.09,36.0,2416.0,451.0,851.0,831.0,3.0934,700001.0,<1H OCEAN
728,-117.9,33.13,38.0,2449.0,775.0,775.0,599.0,4.8183,144700.0,<1H OCEAN
729,-122.18,36.06,39.0,2586.0,618.0,837.0,596.0,3.8266,93400.0,<1H OCEAN
730,-117.16,33.9,17.0,1313.0,1361.0,1238.0,598.0,8.5796,285900.0,INLAND
731,-117.98,34.99,41.0,1535.0,986.0,1316.0,439.0,2.1914,48000.0,<1H OCEAN
732,-118.17,32.0,16.0,813.0,1432.0,2472.0,25.0,4.5108,187900.0,NEAR OCEAN
733,-118.4,34.44,36.0,2897.0,877.0,2415.0,656.0,5.4,55800.0,NEAR OCEAN
734,-122.91,34.17,32.0,845.0,2353.0,584.0,1341.0,5.1551,150000.0,<1H OCEAN
735,-122.97,37.64,45.0,1263.0,962.0,810.0,714.0,3.927,154700.0,NEAR OCEAN
736,-122.32,34.16,21.0,1513.0,480.0,1462.0,461.0,3.2666,22100.0,<1H OCEAN
737,-117.9,34.3,6.0,1481.0,453.0,831.0,1279.0,3.8117,149400.0,<1H OCEAN
738,-118.44,34.05,42.0,688.0,717.0,2469.0,3753.0,2.5935,1500001.0,NEAR OCEAN
739,-118.32,33.28,29.0,4512.0,836.0,2693.0,2042.0,1.0,285900.0,INLAND
740,-118.75,33.88,12.0,1552.0,618.0,1448.0,723.0,3.1061,129600.0,<1H OCEAN
741,-122.0,37.98,26.0,695.0,398.0,914.0,1449.0,3.8524,162600.0,<1H OCEAN
742,-119.23,36.98,32.0,1169.0,523.0,1022.0,1513.0,6.7264,600001.0,<1H OCEAN
743,-122.91,34.37,18.0,808.0,522.0,728.0,1045.0,3.08,149700.0,NEAR OCEAN
744,-122.03,33.95,10.0,2511.0,352.0,878.0,549.0,4.2068,127500.0,NEAR OCEAN
745,-117.22,34.06,23.0,1781.0,732.0,1479.0,533.0,2.1085,207400.0,INLAND
746,-118.24,38.78,34.0,2815.0,28.0,1395.0,3284.0,2.6445,1716.0,NEAR OCEAN
747,-121.84,34.33,52.0,2827.0,587.0,1183.0,553.0,4.5121,78900.0,NEAR BAY
748,-117.4,33.79,18.0,1076.0,703.0,691.0,535.0,4.8497,286700.0,<1H OCEAN
749,-118.04,37.9,50.0,676.0,488.0,1076.0,676.0,3.4819,123300.0,NEAR OCEAN
750,-119.18,34.71,52.0,1496.0,732.0,645.0,595.0,5.0944,144800.0,INLAND
751,-119.12,37.28,18.0,584.0,607.0,872.0,836.0,2.914,153300.0,NEAR BAY
752,-118.18,34.06,20.0,1522.0,1282.0,725.0,101.0,4.89,69600.0,<1H OCEAN
753,-117.33,33.42,52.0,2427.0,681.0,1696.0,869.0,1.3156,84800.0,<1H OCEAN
754,-118.94,33.08,37.0,2049.0,541.0,798.0,2551.0,4.936,267900.0,<1H OCEAN
755,-118.38,33.8,23.0,2538.0,551.0,1575.0,999.0,1.4115,52400.0,NEAR OCEAN
756,-119.3,33.7,34.0,857.0,613.0,1087.0,537.0,1.5287,217100.0,INLAND
757,-122.24,34.14,52.0,1386.0,492.0,545.0,656.0,3.3314,84700.0,<1H OCEAN
758,-121.44,33.63,35.0,2770.0,590.0,796.0,434.0,4.94,142500.0,<1H OCEAN
759,-122.18,33.14,26.0,877.0,587.0,3233.0,633.0,2.3663,253500.0,<1H OCEAN
760,-122.32,34.04,38.0,1307.0,643.0,1361.0,1375.0,5.3364,121300.0,<1H OCEAN
761,-121.02,33.9,18.0,3068.0,890.0,637.0,300.0,1.5378,86700.0,INLAND
762,-117.18,34.0,17.0,564.0,644.0,1496.0,523.0,2.1596,122500.0,NEAR OCEAN
763,-118.89,33.47,25.0,3912.0,579.0,1236.0,586.0,3.4385,90700.0,<1H OCEAN
764,-122.25,33.04,7.0,898.0,503.0,495.0,401.0,2.7136,216900.0,NEAR BAY
765,-117.41,34.23,35.0,657.0,586.0,1339.0,6.0,4.21,187800.0,<1H OCEAN
766,-118.41,33.65,41.0,1103.0,472.0,1363.0,1027.0,6.717,246800.0,NEAR OCEAN
767,-117.4,33.8,40.0,866.0,841.0,1201.0,535.0,3.7117,147800.0,NEAR BAY
768,-122.3,34.19,52.0,2541.0,573.0,1582.0,538.0,2.0262,135900.0,<1H OCEAN
769,-118.62,33.79,35.0,2266.0,548.0,579.0,284.0,2.07,85900.0,INLAND
770,-118.66,32.29,25.0,2770.0,643.0,514.0,567.0,1.0987,51001.0,<1H OCEAN
771,-118.5,33.67,24.0,976.0,376.0,1272.0,738.0,2.8738,189800.0,<1H OCEAN
772,-117.95,33.5,19.0,2074.0,362.0,669.0,1510.0,4.6287,148800.0,<1H OCEAN
773,-117.49,40.7,29.0,623.0,622.0,1438.0,1786.0,2.94,400001.0,NEAR BAY
774,-122.06,37.34,52.0,705.0,3184.0,1464.0,597.0,6.4179,288900.0,INLAND
775,-122.16,33.71,27.0,1226.0,1043.0,1764.0,659.0,1.914,144600.0,<1H OCEAN
776,-119.97,34.96,36.0,775.0,26.0,907.0,1013.0,4.0286,162500.0,INLAND
777,-118.89,33.25,29.0,815.0,459.0,1768.0,663.0,6.78,254300.0,<1H OCEAN
778,-118.37,36.12,9.0,2635.0,4836.0,3413.0,554.0,4.5852,2200.0,<1H OCEAN
779,-118.98,33.06,42.0,1296.0,491.0,267.0,139.0,3.6571,169800.0,<1H OCEAN
780,-120.63,36.93,52.0,2774.0,817.0,1183.0,742.0,4.917,46300.0,INLAND
781,-118.25,38.33,4.0,872.0,945.0,1496.0,15.0,2.3136,70300.0,<1H OCEAN
782,-118.41,34.78,9.0,1462.0,622.0,876.0,849.0,5.0347,91800.0,<1H OCEAN
783,-118.28,37.93,26.0,704.0,1681.0,2587.0,673.0,3.7833,97700.0,INLAND
784,-122.33,33.69,52.0,1776.0,225.0,1183.0,317.0,2.7,209400.0,NEAR BAY
785,-117.9,38.92,26.0,1396.0,20.0,1086.0,938.0,3.6586,176500.0,<1H OCEAN
786,-118.85,33.96,36.0,642.0,459.0,803.0,320.0,3.8167,181700.0,<1H OCEAN
787,-118.23,37.61,47.0,4291.0,862.0,1215.0,1523.0,2.0913,135900.0,NEAR OCEAN
788,-118.81,33.35,30.0,879.0,2543.0,1085.0,1257.0,4.2,176600.0,INLAND
789,-118.09,33.44,21.0,929.0,1876.0,26.0,523.0,3.6985,81300.0,<1H OCEAN
790,-119.71,38.5,28.0,1679.0,567.0,2196.0,2.0,1.1934,32400.0,INLAND
791,-119.9,34.06,37.0,2616.0,673.0,592.0,696.0,2.8,65800.0,NEAR OCEAN
792,-117.92,34.96,20.0,2414.0,567.0,1140.0,320.0,5.7887,14500.0,<1H OCEAN
793,-120.06,37.0,16.0,564.0,689.0,791.0,713.0,3.952,69800.0,INLAND
794,-119.44,34.91,30.0,803.0,441.0,1606.0,535.0,4.7118,57800.0,INLAND
795,-117.54,33.42,20.0,2978.0,1074.0,1374.0,547.0,2.702393,130000.0,<1H OCEAN
796,-118.0,33.25,36.0,1475.0,675.0,2216.0,563.0,1.7273,91800.0,NEAR BAY
797,-117.41,38.81,44.0,618.0,1414.0,1387.0,554.0,4.857,85800.0,<1H OCEAN
798,-118.47,37.09,23.0,3063.0,683.0,684.0,773.0,3.4872,18800.0,<1H OCEAN
799,-117.43,34.33,34.0,1387.0,3619.0,1456.0,744.0,3.5217,289800.0,<1H OCEAN
800,-117.2,37.84,36.0,1464.0,399.0,2679.0,968.0,3.938,500001.0,NEAR OCEAN
801,-118.56,34.54,17.0,2422.0,576.0,431.0,523.0,3.936,13600.0,INLAND
802,-122.81,34.14,34.0,1527.0,793.0,1732.0,1214.0,3.5254,91300.0,<1H OCEAN
803,-117.29,37.96,42.0,1242.0,654.0,972.0,662.0,5.871,75900.0,<1H OCEAN
804,-118.85,34.23,9.0,552.0,969.0,437.0,519.0,3.856,86700.0,<1H OCEAN
805,-117.19,37.63,36.0,1383.0,656.0,1431.0,249.0,3.1211,172100.0,<1H OCEAN
806,-122.79,37.81,52.0,956.0,587.0,1275.0,746.0,5.929,57700.0,<1H OCEAN
807,-122.83,36.47,7.0,1634.0,515.0,1063.0,545.0,4.8819,162300.0,NEAR OCEAN
808,-117.06,37.78,30.0,1317.0,781.0,1090.0,544.0,2.8278,173500.0,<1H OCEAN
809,-117.25,33.16,19.0,3999.0,986.0,1784.0,849.0,4.4,500001.0,<1H OCEAN
810,-117.04,36.05,18.0,2027.0,20.0,1684.0,3255.0,1.5288,141700.0,<1H OCEAN
811,-118.45,37.93,32.0,657.0,907.0,873.0,511.0,4.0239,280000.0,INLAND
812,-118.98,37.23,1.0,699.0,1276.0,1765.0,583.0,4.0,250000.0,NEAR OCEAN
813,-121.21,33.1,36.0,2375.0,1232.0,2487.0,104.0,4.2477,11420000.0,<1H OCEAN
814,-122.7,33.69,26.0,486.0,532.0,972.0,220.0,3.6604,92300.0,INLAND
815,-118.49,33.13,52.0,3125.0,544.0,2486.0,796.0,2.9202,167300.0,INLAND
816,-117.0,37.12,15.0,998.0,485.0,749.0,551.0,6.8183,163500.0,NEAR OCEAN
817,-118.06,33.91,23.0,476.0,2036.0,817.0,697.0,2.2131,189400.0,<1H OCEAN
818,-121.19,34.28,35.0,776.0,761.0,1535.0,595.0,2.958,174800.0,<1H OCEAN
819,-119.56,38.32,25.0,3032.0,536.0,921.0,7.0,4.856,92600.0,NEAR OCEAN
820,-117.34,39.08,19.0,2031.0,2120.0,1181.0,579.0,3.8,500001.0,<1H OCEAN
821,-118.41,34.09,17.0,2976.0,790.0,886.0,1063.0,4.5279,139600.0,INLAND
822,-117.29,37.05,24.0,735.0,822.0,731.0,569.0,8.1256,49300.0,<1H OCEAN
823,-121.96,37.25,6.0,2315.0,441.0,945.0,575.0,3.4,87400.0,<1H OCEAN
824,-118.41,38.31,52.0,2828.0,3273.0,2754.0,973.0,2.988,400001.0,<1H OCEAN
825,-118.0,32.6,45.0,2430.0,1160.0,1084.0,536.0,1.3287,89600.0,NEAR BAY
826,-118.09,35.13,1.0,1496.0,497.0,698.0,538.0,2.0629,500001.0,INLAND
827,-117.09,33.97,32.0,1776.0,2514.0,1383.0,399.0,3.9614,147500.0,INLAND
828,-122.31,33.11,34.0,607.0,772.0,674.0,565.0,1.2125,220000.0,NEAR BAY
829,-118.88,33.34,32.0,651.0,876.0,1654.0,13.0,2.8733,58800.0,<1H OCEAN
830,-122.14,34.49,42.0,1350.0,534.0,1406.0,544.0,2.5120991,4250000.0,<1H OCEAN
831,-118.74,34.82,38.0,2817.0,1327.0,2027.0,143.0,1.2553,47700.0,<1H OCEAN
832,-119.1,37.8,28.0,868.0,741.0,1534.0,1275.0,3.3769,319000000.0,<1H OCEAN
833,-122.95,37.31,32.0,811.0,1227.0,1894.0,611.0,1.1213,83900.0,INLAND
834,-118.05,34.25,25.0,1735.0,667.0,1650.0,725.0,3.13,2500001.0,<1H OCEAN
835,-117.13,34.37,37.0,762.0,641.0,1413.0,16.0,4.5183,297500.0,INLAND
836,-118.93,37.6,52.0,921.0,614.0,1502.0,776.0,2.5649,174700.0,INLAND
837,-118.18,34.06,15.0,635.0,586.0,877.0,676.0,3.4649,69700.0,NEAR OCEAN
838,-118.9,34.67,52.0,488.0,1276.0,2748.0,781.0,5.0288,121600.0,<1H OCEAN
839,-122.34,34.92,39.0,1263.0,723.0,1353.0,778.0,3.0874,82200.0,<1H OCEAN
840,-122.29,37.3,23.0,564.0,3572.0,1572.0,653.0,3.0242,493400.0,<1H OCEAN
841,-118.06,32.54,7.0,589.0,472.0,545.0,1329.0,2.9417,500001.0,<1H OCEAN
842,-121.29,34.09,37.0,579.0,865.0,867.0,1355.0,5.5266,44900.0,NEAR OCEAN
843,-117.91,32.44,33.0,967.0,588.0,701.0,929.0,3.4193,50000.0,NEAR OCEAN
844,-122.97,37.67,32.0,2369.0,573.0,579.0,866.0,3.1809,157500.0,NEAR BAY
845,-118.3,37.18,31.0,535.0,544.0,773.0,787.0,3.0,106900.0,NEAR BAY
846,-118.98,33.19,37.0,2637.0,49.0,2698.0,793.0,2.0,2.5835,INLAND
847,-118.09,34.78,37.0,3136.0,722.0,1163.0,818.0,5.5,363400.0,<1H OCEAN
848,-121.61,39.05,32.0,2415.0,2780.0,1284.0,891.0,3.0829,50000.0,<1H OCEAN
849,-120.37,41.37,35.0,3267.0,589.0,375.0,434.0,1.2769,338000.0,<1H OCEAN
850,-118.78,34.24,37.0,552.0,1728.0,1546.0,1812.0,1.977,60100.0,<1H OCEAN
851,-122.24,38.27,22.0,2310.0,558.0,923.0,1273.0,1.3549,114200.0,<1H OCEAN
852,-121.24,33.13,24.0,1387.0,1318.0,3931.0,857.0,2.3149,169400.0,<1H OCEAN
853,-121.25,33.9,35.0,37.0,522.0,1340.0,2078.0,2.5333,164700.0,INLAND
854,-118.43,37.44,52.0,1553.0,679.0,1290.0,230.0,4.4286,139900.0,INLAND
855,-122.25,36.11,4.0,1017.0,762.0,1793.0,225.0,2.9168,175100.0,<1H OCEAN
856,-119.11,33.39,16.0,1362.0,643.0,637.0,722.0,7.628,134300.0,<1H OCEAN
857,-117.25,37.51,18.0,1319.0,843.0,1431.0,1.0,4.5152,1629.0,INLAND
858,-122.01,38.85,37.0,2615.0,622.0,2474.0,681.0,4.5893,166700.0,<1H OCEAN
859,-117.28,33.28,35.0,1633.0,641.0,879.0,1141.0,2.5131,61700.0,NEAR OCEAN
860,-122.41,34.71,28.0,695.0,676.0,1037.0,665.0,1.9378,5393200.0,<1H OCEAN
861,-117.31,33.11,32.0,665.0,1242.0,716.0,741.0,3.1243,205600.0,NEAR BAY
862,-115.28,33.07,5.0,596.0,735.0,3167.0,457.0,3.4208,284800.0,<1H OCEAN
863,-118.37,36.85,24.0,786.0,649.0,1565.0,320.0,3.569,47100.0,INLAND
864,-118.18,33.21,36.0,1783.0,592.0,1330.0,678.0,3.0906,500001.0,<1H OCEAN
865,-117.19,34.73,27.0,596.0,675.0,1263.0,623.0,3.7333,208800.0,<1H OCEAN
866,-117.84,34.06,33.0,971.0,398.0,1137.0,738.0,6.5872,440000.0,<1H OCEAN
867,-117.19,37.88,28.0,1729.0,399.0,1598.0,575.0,5.8752,130000.0,INLAND
868,-117.83,33.31,39.0,2278.0,464.0,981.0,519.0,3.7239,64900.0,INLAND
869,-122.13,34.44,33.0,1668.0,576.0,2731.0,597.0,3.1377,12000.0,<1H OCEAN
870,-120.63,33.96,17.0,4200.0,1876.0,863.0,866.0,4.0202,918.0,INLAND
871,-119.41,34.33,5.0,1212.0,556.0,3127.0,595.0,3.6255,52500.0,INLAND
872,-117.21,38.29,27.0,529.0,765.0,965.0,842.0,3.3175,50000.0,NEAR BAY
873,-117.05,37.83,25.0,2032.0,572.0,679.0,1095.0,3.4728,262200.0,<1H OCEAN
874,-118.8,32.0,34.0,2329.0,766.0,1256.0,799.0,3.3125,103800.0,<1H OCEAN
875,-122.18,32.56,38.0,1260.0,462.0,1795.0,114.0,2.7264,75600.0,<1H OCEAN
876,-122.95,34.06,10.0,3064.0,212.0,887.0,126.0,2.8,373300.0,<1H OCEAN
877,-122.97,40.88,27.0,1478.0,1111.0,165.0,250.0,1.9151,18000.0,NEAR OCEAN
878,-119.06,33.95,39.0,793.0,2768.0,1773.0,3167.0,4.5266,47738.0,<1H OCEAN
879,-118.28,37.19,33.0,2726.0,679.0,379.0,1237.0,3.3686,162400.0,<1H OCEAN
880,-118.43,34.76,34.0,1766.0,439.0,179.0,280.0,4.09,43800.0,NEAR BAY
881,-118.81,40.67,52.0,563.0,400.0,996.0,572.0,6.4,336400.0,INLAND
882,-121.96,37.09,16.0,2644.0,1264.0,672.0,780.0,3.7118,92800.0,INLAND
883,-121.83,34.06,16.0,1335.0,527.0,746.0,467.0,3.823,94700.0,NEAR OCEAN
884,-118.81,33.3,35.0,1378.0,13.0,1556.0,224.0,4.6587,259600.0,INLAND
885,-119.33,33.45,17.0,2838.0,3165.0,1735.0,649.0,2.837,49800.0,NEAR BAY
886,-118.98,37.32,39.0,618.0,2122.0,1779.0,848.0,2.25,145500.0,<1H OCEAN
887,-121.06,34.7,34.0,2534.0,2711.0,1826.0,492.0,4.714,96100.0,NEAR OCEAN
888,-118.13,32.51,39.0,2125.0,973.0,1284.0,3429.0,4.3104,246800.0,INLAND
889,-117.9,34.66,33.0,679.0,662.0,704.0,27.0,3.500001,500001.0,<1H OCEAN
890,-118.02,36.35,28.0,3128.0,1367.0,807.0,543.0,2.2122,36900.0,<1H OCEAN
891,-119.26,39.98,26.0,896.0,134.0,842.0,537.0,2.2149,183900.0,<1H OCEAN
892,-121.34,33.78,29.0,2655.0,643.0,1531.0,246.0,2.5242,500001.0,<1H OCEAN
893,-118.36,33.54,27.0,748.0,635.0,936.0,230.0,2.7865,174800.0,<1H OCEAN
894,-122.37,34.26,9.0,3568.0,789.0,1315.0,1085.0,3.5556,100000.0,NEAR OCEAN
895,-120.2,37.96,32.0,1098.0,394.0,1565.0,537.0,3.1863,69400.0,NEAR BAY
896,-122.84,33.93,5.0,36800.0,576.0,907.0,376.0,1.529,161600.0,<1H OCEAN
897,-122.27,38.47,23.0,1281.0,647.0,822.0,3814.0,2.1282,174400.0,INLAND
898,-118.57,34.42,16.0,472.0,489.0,1130.0,595.0,2.5647,1742.0,<1H OCEAN
899,-118.2,33.06,39.0,885.0,696.0,651.0,778.0,4.7254,109600.0,<1H OCEAN
900,-122.04,37.93,5.0,1478.0,486.0,1262.0,456.0,5.6429,26300.0,NEAR BAY
901,-121.24,33.93,44.0,1103.0,518.0,872.0,596.0,4.3573,90400.0,NEAR BAY
902,-122.01,36.44,16.0,671.0,616.0,833.0,765.0,3.6197,84800.0,INLAND
903,-117.49,34.79,17.0,868.0,588.0,1201.0,1125.0,1.612,264400.0,<1H OCEAN
904,-118.02,34.06,18.0,1562.0,974.0,798.0,662.0,4.45,91400.0,<1H OCEAN
905,-121.16,34.03,15.0,686.0,549.0,1206.0,978.0,2.5,127700.0,<1H OCEAN
906,-122.31,33.47,13.0,796.0,995.0,1025.0,1431.0,2.8378,220000.0,<1H OCEAN
907,-120.06,34.69,18.0,2381.0,277.0,17.0,370.0,2.5378,282500.0,<1H OCEAN
908,-122.21,39.09,32.0,1571.0,544.0,1306.0,17.0,3.8817,34700.0,<1H OCEAN
909,-118.18,38.1,22.0,1412.0,589.0,798.0,1176.0,4.8333,135800.0,<1H OCEAN
910,-122.28,34.87,18.0,1533.0,575.0,714.0,576.0,4.0932,137500.0,NEAR BAY
911,-121.06,32.78,16.0,1339.0,27.0,1476.0,547.0,3.8647,7960.0,<1H OCEAN
912,-118.11,34.92,15.0,1562.0,622.0,3865.0,1438.0,2.1733,43000.0,INLAND
913,-117.54,34.18,36.0,788.0,643.0,837.0,535.0,1.988,100000.0,<1H OCEAN
914,-122.04,33.3,1.0,3164.0,679.0,2110.0,2583.0,5.852,142300.0,<1H OCEAN
915,-121.94,34.16,52.0,1839.0,1268.0,2468.0,663.0,3.1301,68100.0,NEAR BAY
916,-122.24,34.75,37.0,806.0,491.0,792.0,300.0,2.1837,880.0,INLAND
917,-118.5,34.09,38.0,5167.0,586.0,2132.0,1361.0,3.8167,105900.0,NEAR OCEAN
918,-118.81,37.03,27.0,1671.0,482.0,831.0,641.0,3.5872,150000.0,<1H OCEAN
919,-121.0,35.09,32.0,1466.0,572.0,873.0,442.0,1.7525,50000.0,INLAND
920,-118.15,37.47,2.0,2526.0,421.0,648.0,26.0,3.6901,269800.0,<1H OCEAN
921,-118.23,34.23,35.0,1672.0,559.0,1731.0,538.0,4.1136,287700.0,INLAND
922,-122.3,37.17,17.0,1213.0,579.0,774.0,635.0,2.23,259400.0,INLAND
923,-117.08,33.09,36.0,3713.0,744.0,15.0,494.0,4.0514,15300.0,INLAND
924,-121.24,34.11,38.0,3789.0,1537.0,3076.0,547.0,2.8,178900.0,<1H OCEAN
925,-118.99,37.78,25.0,3057.0,1362.0,762.0,737.0,2.9478,50000.0,NEAR OCEAN
926,-122.37,37.91,17.0,1232.0,1578.0,1202.0,464.0,3.7255,147600.0,<1H OCEAN
927,-120.16,37.05,18.0,1337.0,1062.0,779.0,873.0,3.1804,175600.0,INLAND
928,-122.49,33.78,28.0,523.0,1522.0,834.0,437.0,3.776818,500001.0,<1H OCEAN
929,-118.98,33.66,17.0,806.0,614.0,916.0,735.0,3.1525,52600.0,<1H OCEAN
930,-118.68,33.88,36.0,1610.0,1256.0,1545.0,565.0,13.0,173300.0,<1H OCEAN
931,-121.78,33.79,52.0,3085.0,585.0,1465.0,542.0,4.8287,109400.0,NEAR BAY
932,-118.89,33.32,25.0,1371.0,516.0,868.0,722.0,1.4,155800.0,NEAR OCEAN
933,-118.33,38.22,23.0,1469.0,456.0,1394.0,463.0,3.1771,174700.0,<1H OCEAN
934,-119.26,33.3,34.0,5286.0,1327.0,1413.0,2330.0,1.4181,122800.0,INLAND
935,-118.15,37.05,14.0,807.0,1607.0,1046.0,3619.0,2.2416,133300.0,<1H OCEAN
936,-117.89,33.7,50.0,2158.0,937.0,1338.0,1142.0,2.9325,16000.0,<1H OCEAN
937,-118.17,33.77,6.0,929.0,518.0,983.0,929.0,3.8744,174700.0,<1H OCEAN
938,-118.35,34.7,13.0,1435.0,447.0,951.0,588.0,5.4286,500001.0,NEAR BAY
939,-118.41,33.31,22.0,1686.0,638.0,2438.0,579.0,1.2575,153500.0,<1H OCEAN
940,-117.25,37.24,19.0,1462.0,634.0,1296.0,837.0,3.9698,56900.0,NEAR BAY
941,-836.0,33.29,37.0,679.0,2083.0,4266.0,1628.0,2.6994,50000.0,NEAR OCEAN
942,-117.98,38.85,36.0,1785.0,536.0,466.0,703.0,3.6838,368800.0,<1H OCEAN
943,-121.49,33.39,34.0,1641.0,2842.0,1451.0,363.0,7.1561,4200001.0,<1H OCEAN
944,-122.02,37.98,24.0,761.0,557.0,913.0,719.0,2.8333,136800.0,NEAR OCEAN
945,-118.11,33.88,37.0,1335.0,543.0,1335.0,20.0,1.938,257600.0,NEAR OCEAN
946,-117.42,37.97,17.0,676.0,714.0,1184.0,595.0,3.0467,140000.0,<1H OCEAN
947,-119.24,37.95,52.0,3266.0,546.0,1031.0,394.0,1.1562,91300.0,NEAR BAY
948,-118.19,37.9,19.0,473.0,476.0,1365.0,817.0,3.7814,140500.0,<1H OCEAN
949,-118.23,33.23,30.0,1487.0,1767.0,1296.12,1554.0,5.5201,1300001.0,NEAR OCEAN
950,-121.49,34.3,27.0,1464.0,551.0,518.0,399.0,2.7838,74700.0,<1H OCEAN
951,-118.44,37.06,16.0,1348.0,589.0,2463.0,856.0,2.9514,400001.0,<1H OCEAN
952,-117.13,38.33,9.0,2898.0,2629.0,810.0,1144.0,3.5266,171900.0,INLAND
953,-117.19,37.09,38.0,1375.0,668.0,2965.0,526.0,2.8875,81100.0,<1H OCEAN
954,-117.0,37.78,33.0,2466.0,1513.0,1653.0,714.0,3.84,149600.0,INLAND
955,-118.54,35.0,18.0,1214.0,587.0,393.0,727.0,6.7915,46700.0,INLAND
956,-117.04,33.7,7.0,2624.0,476.0,1431.0,979.0,2.1167,77500.0,NEAR OCEAN
957,-118.37,33.28,32.0,1758.0,907.0,2468.0,559.0,4.2629,123400.0,<1H OCEAN
958,-118.84,34.11,36.0,757.0,123.0,2774.0,918.0,2.3639,141600.0,NEAR BAY
959,-117.26,34.06,22.0,803.0,2722.0,2735.0,114.0,4.5,271000.0,<1H OCEAN
960,-118.54,34.06,29.0,752.0,1317.0,1215.0,477.0,4.5476,89600.0,<1H OCEAN
961,-118.0,37.05,20.0,2690.0,914.0,566.0,2066.0,4.7497,204700.0,<1H OCEAN
962,-116.88,37.2,52.0,626.0,959.0,1601.0,2327.0,3.929,3800.0,INLAND
963,-118.44,37.45,50.0,1462.0,454.0,615.0,675.0,5.3,79900.0,NEAR BAY
964,-116.3,33.67,18.0,5066.0,345.0,287.0,523.0,2.8122,1000001.0,<1H OCEAN
965,-121.91,33.46,42.0,3649.0,569.0,2476.0,1035.0,4.8772,76400.0,<1H OCEAN
966,-117.41,37.19,26.0,2266.0,719.0,184.0,268.0,3.6083,87700.0,INLAND
967,-122.95,34.18,6.0,822.0,1092.0,1116.0,762.0,2.8571,166400.0,<1H OCEAN
968,-119.07,34.06,17.0,2149.0,986.0,15.0,673.0,1.0468,376400.0,NEAR OCEAN
969,-117.18,38.55,36.0,2496.0,7.0,762.0,214.0,5.9122,94800.0,NEAR OCEAN
970,-118.24,36.19,29.0,1383.0,451.0,971.0,551.0,2.1375,49500.0,NEAR OCEAN
971,-118.7,38.96,16.0,4644.0,1432.0,1445.0,449.0,1.2563,150300.0,<1H OCEAN
972,-118.71,37.45,28.0,3999.0,793.0,623.0,688.0,4.9333,89600.0,NEAR BAY
973,-117.61,37.82,32.0,607.0,936.0,1202.0,2.0,3.7582,50000.0,INLAND
974,-117.0,37.8,30.0,1872.0,2311.0,667.0,551.0,3.8365,167400.0,INLAND
975,-121.25,37.03,9.0,1663.0,574.0,1779.0,537.0,4.839,45600.0,NEAR BAY
976,-117.87,33.87,9.0,5644.0,576.0,898.0,535.0,2.76,140500.0,<1H OCEAN
977,-118.09,37.94,30.0,487.0,476.0,3983.0,814.0,5.6932,14000.0,INLAND
978,-118.26,33.5,16.0,539.0,1415.0,1302.0,26.0,4.4,366400.0,<1H OCEAN
979,-119.79,33.87,32.0,613.0,576.0,2340.0,94.0,1.2688,264800.0,<1H OCEAN
980,-117.09,-118.8,10.0,5075.0,1269.0,486.0,596.0,2.596977,309600.0,NEAR OCEAN
981,-117.96,37.23,21.0,813.0,618.0,1184.0,556.0,4.0,164700.0,<1H OCEAN
982,-117.3,33.8,47.0,708.0,1710.0,1780.0,636.0,2.3386,500001.0,NEAR BAY
983,-121.97,33.84,31.0,2746.0,598.0,2432.0,2678.0,5.6428,53900.0,NEAR BAY
984,-117.93,37.09,24.0,576.0,489.0,1068.0,217.0,10.3687,136900.0,<1H OCEAN
985,-121.22,33.96,35.0,645.0,1204.0,1391.0,288.0,4.3777,130000.0,<1H OCEAN
986,-119.17,34.78,52.0,669.0,676.0,729.0,736.0,1.3,136400.0,<1H OCEAN
987,-122.95,3.7,52.0,557.0,469.0,1035.0,575.0,3.5,141800.0,NEAR OCEAN
988,-120.06,33.12,30.0,2329.0,2038.0,562.0,911.0,4.4711,281300.0,INLAND
989,-122.93,37.27,33.0,2440.0,496.0,1338.0,576.0,3.2386,289800.0,<1H OCEAN
990,-121.49,34.41,33.0,1285.37,575.0,1735.0,564.0,4.0,700001.0,<1H OCEAN
991,-118.43,33.92,35.0,2682.0,551.0,837.0,201.0,3.9497,153400.0,<1H OCEAN
992,-117.09,34.3,32.0,546.0,336.0,1656.0,965.0,1.7118,185600.0,NEAR OCEAN
993,-117.09,33.47,14.0,2456.0,2244.0,898.0,1273.0,5.9528,132900.0,<1H OCEAN
994,-117.95,34.28,17.0,1713.0,899.0,1677.0,1478.0,3.917,7500.0,<1H OCEAN
995,-118.62,37.54,44.0,1312.0,566.0,1754.0,100.0,4.9128,397100.0,INLAND
996,-117.03,38.16,18.0,823.0,989.0,1269.0,11.0,2.5115,63300.0,<1H OCEAN
997,-118.63,32.0,50.0,865.0,1084.0,683.0,433.0,2.1059,249800.0,<1H OCEAN
998,-121.84,33.12,29.0,584.0,3475.0,1276.0,842.0,3.567,136700.0,INLAND
999,-118.42,37.04,52.0,864.0,663.0,1242.0,1032.0,3.5687,80000000.0,<1H OCEAN
