,Store,DayOfWeek,Date,Sales,Customers,Open,Promo,StateHoliday,SchoolHoliday
0,1005.0,1.0,2015-06-01,9058.0,1032.0,1.0,1.0,0,0.0
1,673.0,6.0,2015-07-11,7277.0,558.0,1.0,0.0,0,0.0
2,506.0,4.0,2015-06-11,5917.0,685.0,1.0,0.0,0,0.0
3,591.0,5.0,2015-07-31,6708.0,550.0,1.0,1.0,0,1.0
4,1057.0,4.0,2015-07-16,6441.0,574.0,1.0,1.0,0,0.0
5,998.0,7.0,2015-07-05,0.0,0.0,0.0,0.0,0,0.0
6,774.0,4.0,2015-07-16,6399.0,771.0,1.0,1.0,0,0.0
7,1048.0,2.0,2015-06-23,5546.0,444.0,1.0,0.0,0,0.0
8,793.0,6.0,2015-07-04,3595.0,378.0,1.0,0.0,0,0.0
9,782.0,6.0,2015-06-13,5578.0,574.0,1.0,0.0,0,0.0
10,909.0,4.0,2015-07-30,0.0,0.0,0.0,1.0,0,0.0
11,773.0,1.0,2015-06-22,4852.0,826.0,1.0,0.0,0,0.0
12,995.0,4.0,2015-06-25,7962.0,820.0,1.0,0.0,0,0.0
13,968.0,1.0,2015-06-01,10607.0,1148.0,1.0,1.0,0,0.0
14,947.0,7.0,2015-07-26,0.0,0.0,0.0,0.0,0,0.0
15,987.0,7.0,2015-07-05,0.0,0.0,0.0,0.0,0,0.0
16,492.0,3.0,2015-07-29,9219.0,1191.0,1.0,1.0,0,0.0
17,1003.0,6.0,2015-06-13,4684.0,501.0,1.0,0.0,0,0.0
18,84.0,4.0,2015-07-30,12573.0,1166.0,1.0,1.0,0,1.0
19,674.0,7.0,2015-06-14,0.0,0.0,0.0,0.0,0,0.0
20,1027.0,5.0,2015-07-24,10702.0,1301.0,1.0,0.0,0,0.0
21,797.0,2.0,2015-07-07,3889.0,421.0,1.0,0.0,0,0.0
22,506.0,5.0,2015-06-05,7860.0,835.0,1.0,1.0,0,0.0
23,851.0,6.0,2015-07-11,5924.0,524.0,1.0,0.0,0,0.0
24,689.0,7.0,2015-07-05,0.0,0.0,0.0,0.0,0,0.0
25,598.0,4.0,2015-07-30,6675.0,740.0,1.0,1.0,0,0.0
26,789.0,7.0,2015-07-26,0.0,0.0,0.0,0.0,0,0.0
27,521.0,7.0,2015-07-26,0.0,0.0,0.0,0.0,0,0.0
28,471.0,4.0,2015-07-09,6052.0,571.0,1.0,0.0,0,0.0
29,952.0,7.0,2015-07-05,0.0,0.0,0.0,0.0,0,0.0
30,988.0,7.0,2015-06-07,0.0,0.0,0.0,0.0,0,0.0
31,943.0,5.0,2015-07-03,6941.0,571.0,1.0,1.0,0,1.0
32,814.0,2.0,2015-06-02,10898.0,814.0,1.0,1.0,0,0.0
33,646.0,7.0,2015-07-26,0.0,0.0,0.0,0.0,0,0.0
34,806.0,2.0,2015-06-09,5133.0,456.0,1.0,0.0,0,0.0
35,402.0,3.0,2015-07-22,4056.0,456.0,1.0,0.0,0,1.0
36,787.0,2.0,2015-06-16,12579.0,1344.0,1.0,1.0,0,0.0
37,740.0,4.0,2015-07-23,7958.0,619.0,1.0,0.0,0,0.0
38,685.0,3.0,2015-06-10,5043.0,477.0,1.0,0.0,0,0.0
39,241.0,6.0,2015-07-25,6228.0,667.0,1.0,0.0,0,0.0
40,1037.0,1.0,2015-07-06,6930.0,877.0,1.0,0.0,0,1.0
41,575.0,7.0,2015-07-12,0.0,0.0,0.0,0.0,0,0.0
42,826.0,7.0,2015-07-19,0.0,0.0,0.0,0.0,0,0.0
43,976.0,3.0,2015-06-03,8246.0,796.0,1.0,1.0,0,0.0
44,754.0,7.0,2015-06-14,0.0,0.0,0.0,0.0,0,0.0
45,226.0,6.0,2015-07-18,6777.0,598.0,1.0,0.0,0,0.0
46,921.0,5.0,2015-07-03,7964.0,995.0,1.0,1.0,0,1.0
47,723.0,1.0,2015-06-15,11743.0,782.0,1.0,1.0,0,0.0
48,863.0,7.0,2015-06-14,2615.0,314.0,1.0,0.0,0,0.0
49,823.0,5.0,2015-07-24,5697.0,558.0,1.0,0.0,0,1.0
50,303.0,1.0,2015-07-27,7656.0,717.0,1.0,1.0,0,1.0
51,459.0,7.0,2015-06-07,0.0,0.0,0.0,0.0,0,0.0
52,756.0,4.0,2015-07-09,14208.0,2158.0,1.0,0.0,0,1.0
53,723.0,2.0,2015-06-23,5231.0,485.0,1.0,0.0,0,0.0
54,1008.0,7.0,2015-07-12,0.0,0.0,0.0,0.0,0,0.0
55,38.0,5.0,2015-07-10,4676.0,469.0,1.0,0.0,0,1.0
56,906.0,1.0,2015-07-27,12122.0,1273.0,1.0,1.0,0,1.0
57,669.0,7.0,2015-07-05,0.0,0.0,0.0,0.0,0,0.0
58,933.0,1.0,2015-06-22,6789.0,813.0,1.0,0.0,0,0.0
59,984.0,4.0,2015-07-30,7444.0,740.0,1.0,1.0,0,1.0
60,366.0,3.0,2015-07-15,7410.0,630.0,1.0,1.0,0,1.0
61,575.0,7.0,2015-06-07,0.0,0.0,0.0,0.0,0,0.0
62,1030.0,7.0,2015-06-21,0.0,0.0,0.0,0.0,0,0.0
63,919.0,1.0,2015-06-22,4249.0,597.0,1.0,0.0,0,0.0
64,48.0,5.0,2015-07-31,3828.0,379.0,1.0,1.0,0,1.0
65,792.0,4.0,2015-06-11,5210.0,566.0,1.0,0.0,0,0.0
66,965.0,7.0,2015-07-26,0.0,0.0,0.0,0.0,0,0.0
67,794.0,6.0,2015-06-06,2830.0,387.0,1.0,0.0,0,0.0
68,1059.0,6.0,2015-07-18,8367.0,1075.0,1.0,0.0,0,0.0
69,1089.0,4.0,2015-07-09,8690.0,885.0,1.0,0.0,0,1.0
70,524.0,6.0,2015-06-06,7283.0,764.0,1.0,0.0,0,0.0
71,647.0,3.0,2015-06-03,6966.0,729.0,1.0,1.0,0,0.0
72,805.0,1.0,2015-06-08,4871.0,467.0,1.0,0.0,0,0.0
73,934.0,4.0,2015-06-11,6056.0,665.0,1.0,0.0,0,0.0
74,1094.0,6.0,2015-07-18,5303.0,492.0,1.0,0.0,0,0.0
75,405.0,4.0,2015-06-11,4031.0,454.0,1.0,0.0,0,0.0
76,280.0,2.0,2015-06-02,7783.0,533.0,1.0,1.0,0,1.0
77,1043.0,5.0,2015-07-31,11114.0,1257.0,1.0,1.0,0,1.0
78,721.0,2.0,2015-07-14,8074.0,744.0,1.0,1.0,0,0.0
79,604.0,5.0,2015-07-31,9902.0,656.0,1.0,1.0,0,0.0
80,969.0,7.0,2015-06-14,0.0,0.0,0.0,0.0,0,0.0
81,296.0,4.0,2015-07-02,7962.0,812.0,1.0,1.0,0,0.0
82,880.0,7.0,2015-06-14,0.0,0.0,0.0,0.0,0,0.0
83,685.0,4.0,2015-06-04,0.0,0.0,0.0,1.0,a,0.0
84,683.0,7.0,2015-07-12,0.0,0.0,0.0,0.0,0,0.0
85,987.0,4.0,2015-06-11,5709.0,790.0,1.0,0.0,0,0.0
86,947.0,4.0,2015-07-09,5342.0,788.0,1.0,0.0,0,0.0
87,296.0,2.0,2015-07-14,8650.0,859.0,1.0,1.0,0,0.0
88,840.0,1.0,2015-06-15,8409.0,1059.0,1.0,1.0,0,0.0
89,1021.0,1.0,2015-06-29,12505.0,1348.0,1.0,1.0,0,0.0
90,790.0,3.0,2015-07-01,8271.0,671.0,1.0,1.0,0,0.0
91,667.0,7.0,2015-06-07,0.0,0.0,0.0,0.0,0,0.0
92,718.0,1.0,2015-06-22,5827.0,725.0,1.0,0.0,0,0.0
93,879.0,7.0,2015-06-28,0.0,0.0,0.0,0.0,0,0.0
94,839.0,5.0,2015-06-26,3178.0,475.0,1.0,0.0,0,0.0
95,803.0,3.0,2015-06-10,4957.0,441.0,1.0,0.0,0,0.0
96,1065.0,5.0,2015-07-31,5374.0,568.0,1.0,1.0,0,1.0
97,967.0,3.0,2015-07-15,9761.0,946.0,1.0,1.0,0,1.0
98,351.0,2.0,2015-06-09,5125.0,408.0,1.0,0.0,0,0.0
99,471.0,6.0,2015-07-25,6951.0,618.0,1.0,0.0,0,0.0
100,476.0,7.0,2015-07-19,0.0,0.0,0.0,0.0,0,0.0
101,946.0,3.0,2015-06-10,3629.0,442.0,1.0,0.0,0,0.0
102,908.0,7.0,2015-06-28,0.0,0.0,0.0,0.0,0,0.0
103,996.0,6.0,2015-07-18,4347.0,451.0,1.0,0.0,0,0.0
104,679.0,6.0,2015-07-11,7910.0,868.0,1.0,0.0,0,0.0
105,784.0,2.0,2015-06-30,8047.0,742.0,1.0,1.0,0,0.0
106,252.0,6.0,2015-06-06,7262.0,634.0,1.0,0.0,0,0.0
107,885.0,7.0,2015-07-12,0.0,0.0,0.0,0.0,0,0.0
108,746.0,5.0,2015-07-31,10068.0,716.0,1.0,1.0,0,1.0
109,692.0,5.0,2015-07-10,5679.0,674.0,1.0,0.0,0,1.0
110,979.0,7.0,2015-06-28,0.0,0.0,0.0,0.0,0,0.0
111,1042.0,7.0,2015-06-14,0.0,0.0,0.0,0.0,0,0.0
112,567.0,1.0,2015-07-13,6053.0,670.0,1.0,1.0,0,1.0
113,489.0,1.0,2015-07-27,13498.0,892.0,1.0,1.0,0,1.0
114,799.0,4.0,2015-07-16,9973.0,906.0,1.0,1.0,0,1.0
115,965.0,7.0,2015-06-07,0.0,0.0,0.0,0.0,0,0.0
116,616.0,4.0,2015-06-11,7761.0,776.0,1.0,0.0,0,0.0
117,853.0,7.0,2015-07-19,0.0,0.0,0.0,0.0,0,0.0
118,256.0,3.0,2015-07-22,6960.0,882.0,1.0,0.0,0,1.0
119,954.0,7.0,2015-06-21,0.0,0.0,0.0,0.0,0,0.0
120,801.0,7.0,2015-06-28,0.0,0.0,0.0,0.0,0,0.0
121,622.0,6.0,2015-06-06,3118.0,279.0,1.0,0.0,0,0.0
122,1084.0,2.0,2015-06-16,7055.0,855.0,1.0,1.0,0,0.0
123,1022.0,7.0,2015-07-19,0.0,0.0,0.0,0.0,0,0.0
124,973.0,1.0,2015-07-20,5442.0,717.0,1.0,0.0,0,1.0
125,309.0,3.0,2015-07-15,8243.0,602.0,1.0,1.0,0,1.0
126,811.0,2.0,2015-07-14,5669.0,792.0,1.0,1.0,0,0.0
127,707.0,6.0,2015-06-13,5012.0,539.0,1.0,0.0,0,0.0
128,984.0,5.0,2015-07-10,4485.0,658.0,1.0,0.0,0,1.0
129,268.0,4.0,2015-07-30,6073.0,608.0,1.0,1.0,0,1.0
130,849.0,7.0,2015-06-07,0.0,0.0,0.0,0.0,0,0.0
131,375.0,3.0,2015-06-03,12062.0,1030.0,1.0,1.0,0,0.0
132,468.0,4.0,2015-07-23,5487.0,636.0,1.0,0.0,0,1.0
133,866.0,4.0,2015-06-04,0.0,0.0,0.0,1.0,a,0.0
134,590.0,3.0,2015-07-01,6798.0,432.0,1.0,1.0,0,0.0
135,623.0,4.0,2015-07-30,7454.0,824.0,1.0,1.0,0,1.0
136,935.0,7.0,2015-07-19,0.0,0.0,0.0,0.0,0,0.0
137,185.0,5.0,2015-06-12,5620.0,469.0,1.0,0.0,0,0.0
138,1051.0,6.0,2015-06-20,5092.0,727.0,1.0,0.0,0,0.0
139,799.0,5.0,2015-07-17,8528.0,791.0,1.0,1.0,0,1.0
140,1037.0,6.0,2015-06-20,4430.0,578.0,1.0,0.0,0,0.0
141,557.0,6.0,2015-06-27,4111.0,632.0,1.0,0.0,0,0.0
142,5.0,5.0,2015-07-31,5835.0,641.0,1.0,1.0,0,1.0
143,680.0,4.0,2015-06-11,3646.0,612.0,1.0,0.0,0,0.0
144,814.0,6.0,2015-06-13,5681.0,466.0,1.0,0.0,0,0.0
145,918.0,5.0,2015-07-17,5561.0,565.0,1.0,1.0,0,1.0
146,533.0,7.0,2015-06-07,0.0,0.0,0.0,0.0,0,0.0
147,521.0,7.0,2015-06-21,0.0,0.0,0.0,0.0,0,0.0
148,638.0,2.0,2015-07-21,4834.0,426.0,1.0,0.0,0,0.0
149,1089.0,2.0,2015-06-02,14775.0,1172.0,1.0,1.0,0,0.0
150,5.0,3.0,2015-06-24,4230.0,539.0,1.0,0.0,0,0.0
151,683.0,7.0,2015-07-12,0.0,0.0,0.0,0.0,0,0.0
152,936.0,2.0,2015-06-16,7984.0,927.0,1.0,1.0,0,0.0
153,669.0,1.0,2015-06-22,4109.0,410.0,1.0,0.0,0,0.0
154,571.0,2.0,2015-07-14,9281.0,623.0,1.0,1.0,0,0.0
155,873.0,7.0,2015-06-07,0.0,0.0,0.0,0.0,0,0.0
156,619.0,6.0,2015-07-18,2217.0,229.0,1.0,0.0,0,0.0
157,785.0,7.0,2015-07-12,0.0,0.0,0.0,0.0,0,0.0
158,529.0,3.0,2015-06-24,6260.0,657.0,1.0,0.0,0,0.0
159,564.0,3.0,2015-06-17,6923.0,571.0,1.0,1.0,0,0.0
160,542.0,5.0,2015-07-31,6930.0,568.0,1.0,1.0,0,0.0
161,626.0,3.0,2015-06-03,11384.0,903.0,1.0,1.0,0,0.0
162,909.0,5.0,2015-06-12,12361.0,1006.0,1.0,0.0,0,0.0
163,573.0,3.0,2015-06-24,3223.0,285.0,1.0,0.0,0,0.0
164,624.0,4.0,2015-07-16,7983.0,748.0,1.0,1.0,0,1.0
165,706.0,7.0,2015-06-21,0.0,0.0,0.0,0.0,0,0.0
166,607.0,2.0,2015-06-30,6731.0,594.0,1.0,1.0,0,0.0
167,891.0,5.0,2015-07-17,7211.0,935.0,1.0,1.0,0,1.0
168,393.0,5.0,2015-06-12,5070.0,522.0,1.0,0.0,0,0.0
169,877.0,1.0,2015-06-01,7276.0,919.0,1.0,1.0,0,0.0
170,854.0,5.0,2015-07-17,6384.0,614.0,1.0,1.0,0,1.0
171,854.0,1.0,2015-07-27,8545.0,684.0,1.0,1.0,0,1.0
172,484.0,1.0,2015-06-29,9476.0,780.0,1.0,1.0,0,0.0
173,909.0,3.0,2015-07-08,0.0,0.0,0.0,0.0,0,0.0
174,1105.0,5.0,2015-06-19,5961.0,615.0,1.0,1.0,0,0.0
175,634.0,3.0,2015-06-17,7956.0,708.0,1.0,1.0,0,0.0
176,333.0,6.0,2015-07-04,8218.0,1027.0,1.0,0.0,0,0.0
177,758.0,2.0,2015-07-07,4288.0,624.0,1.0,0.0,0,0.0
178,1020.0,2.0,2015-07-07,7704.0,987.0,1.0,0.0,0,0.0
179,286.0,5.0,2015-07-10,3459.0,357.0,1.0,0.0,0,0.0
180,611.0,7.0,2015-06-28,0.0,0.0,0.0,0.0,0,0.0
181,100.0,4.0,2015-07-30,7765.0,746.0,1.0,1.0,0,0.0
182,944.0,7.0,2015-06-28,0.0,0.0,0.0,0.0,0,0.0
183,115.0,2.0,2015-06-02,8556.0,546.0,1.0,1.0,0,0.0
184,507.0,2.0,2015-07-21,7551.0,533.0,1.0,0.0,0,1.0
185,411.0,3.0,2015-07-22,5985.0,539.0,1.0,0.0,0,0.0
186,984.0,6.0,2015-07-11,5293.0,741.0,1.0,0.0,0,0.0
187,822.0,5.0,2015-06-05,8398.0,696.0,1.0,1.0,0,0.0
188,992.0,7.0,2015-07-12,0.0,0.0,0.0,0.0,0,0.0
189,614.0,6.0,2015-07-11,5231.0,804.0,1.0,0.0,0,0.0
190,688.0,7.0,2015-07-19,0.0,0.0,0.0,0.0,0,0.0
191,846.0,1.0,2015-06-22,8457.0,856.0,1.0,0.0,0,0.0
192,1033.0,6.0,2015-07-25,9460.0,883.0,1.0,0.0,0,0.0
193,718.0,6.0,2015-06-20,6795.0,645.0,1.0,0.0,0,0.0
194,918.0,1.0,2015-07-20,6056.0,589.0,1.0,0.0,0,1.0
195,539.0,4.0,2015-07-02,12266.0,1217.0,1.0,1.0,0,0.0
196,1056.0,6.0,2015-06-20,5484.0,522.0,1.0,0.0,0,0.0
197,538.0,4.0,2015-06-25,3581.0,586.0,1.0,0.0,0,0.0
198,27.0,5.0,2015-06-12,8162.0,1016.0,1.0,0.0,0,0.0
199,871.0,1.0,2015-06-29,7363.0,517.0,1.0,1.0,0,0.0
200,1008.0,4.0,2015-07-30,5826.0,654.0,1.0,1.0,0,1.0
201,467.0,3.0,2015-07-29,15191.0,1476.0,1.0,1.0,0,1.0
202,487.0,4.0,2015-06-11,5709.0,571.0,1.0,0.0,0,0.0
203,984.0,6.0,2015-06-20,5140.0,715.0,1.0,0.0,0,0.0
204,953.0,3.0,2015-07-01,6547.0,607.0,1.0,1.0,0,0.0
205,859.0,5.0,2015-07-10,7182.0,746.0,1.0,0.0,0,0.0
206,821.0,4.0,2015-07-16,8262.0,960.0,1.0,1.0,0,1.0
207,327.0,3.0,2015-07-15,8690.0,919.0,1.0,1.0,0,1.0
208,1068.0,7.0,2015-06-21,0.0,0.0,0.0,0.0,0,0.0
209,1096.0,7.0,2015-07-26,0.0,0.0,0.0,0.0,0,0.0
210,351.0,1.0,2015-07-27,9093.0,651.0,1.0,1.0,0,1.0
211,218.0,2.0,2015-06-09,5167.0,746.0,1.0,0.0,0,0.0
212,873.0,4.0,2015-07-30,3873.0,437.0,1.0,1.0,0,1.0
213,830.0,3.0,2015-07-22,5756.0,507.0,1.0,0.0,0,1.0
214,886.0,7.0,2015-06-21,0.0,0.0,0.0,0.0,0,0.0
215,937.0,6.0,2015-06-20,5299.0,517.0,1.0,0.0,0,0.0
216,1041.0,5.0,2015-06-12,5266.0,563.0,1.0,0.0,0,0.0
217,776.0,4.0,2015-07-09,4466.0,528.0,1.0,0.0,0,1.0
218,563.0,6.0,2015-06-20,3558.0,494.0,1.0,0.0,0,0.0
219,482.0,1.0,2015-07-27,9983.0,892.0,1.0,1.0,0,1.0
220,681.0,5.0,2015-06-26,3629.0,566.0,1.0,0.0,0,0.0
221,937.0,1.0,2015-06-15,11831.0,904.0,1.0,1.0,0,0.0
222,585.0,2.0,2015-06-09,5515.0,806.0,1.0,0.0,0,0.0
223,668.0,4.0,2015-07-09,7817.0,995.0,1.0,0.0,0,0.0
224,152.0,6.0,2015-06-20,3059.0,363.0,1.0,0.0,0,0.0
225,577.0,7.0,2015-06-28,0.0,0.0,0.0,0.0,0,0.0
226,276.0,4.0,2015-07-09,3994.0,494.0,1.0,0.0,0,0.0
227,782.0,3.0,2015-06-03,7969.0,655.0,1.0,1.0,0,0.0
228,804.0,4.0,2015-06-11,4336.0,392.0,1.0,0.0,0,0.0
229,664.0,4.0,2015-07-16,5906.0,649.0,1.0,1.0,0,1.0
230,814.0,2.0,2015-07-14,10870.0,755.0,1.0,1.0,0,1.0
231,431.0,5.0,2015-07-03,9797.0,984.0,1.0,1.0,0,1.0
232,774.0,7.0,2015-06-14,0.0,0.0,0.0,0.0,0,0.0
233,801.0,1.0,2015-07-27,9686.0,807.0,1.0,1.0,0,1.0
234,1048.0,6.0,2015-06-06,5691.0,496.0,1.0,0.0,0,0.0
235,824.0,4.0,2015-06-25,6494.0,888.0,1.0,0.0,0,0.0
236,718.0,3.0,2015-06-03,8571.0,900.0,1.0,1.0,0,0.0
237,977.0,7.0,2015-07-19,0.0,0.0,0.0,0.0,0,0.0
238,708.0,6.0,2015-07-11,4533.0,454.0,1.0,0.0,0,0.0
239,392.0,2.0,2015-06-23,6443.0,672.0,1.0,0.0,0,0.0
240,899.0,4.0,2015-07-23,4540.0,467.0,1.0,0.0,0,1.0
241,1078.0,1.0,2015-06-15,10046.0,684.0,1.0,1.0,0,0.0
242,433.0,5.0,2015-06-19,6208.0,728.0,1.0,1.0,0,0.0
243,667.0,7.0,2015-06-07,0.0,0.0,0.0,0.0,0,0.0
244,844.0,2.0,2015-06-16,5898.0,544.0,1.0,1.0,0,0.0
245,507.0,4.0,2015-07-16,9094.0,705.0,1.0,1.0,0,1.0
246,606.0,7.0,2015-07-26,0.0,0.0,0.0,0.0,0,0.0
247,648.0,3.0,2015-06-17,6208.0,544.0,1.0,1.0,0,0.0
248,393.0,7.0,2015-06-28,0.0,0.0,0.0,0.0,0,0.0
249,1036.0,6.0,2015-06-13,5207.0,507.0,1.0,0.0,0,0.0
250,765.0,7.0,2015-07-26,0.0,0.0,0.0,0.0,0,0.0
251,907.0,5.0,2015-06-05,7393.0,951.0,1.0,1.0,0,0.0
252,303.0,4.0,2015-07-02,6762.0,652.0,1.0,1.0,0,1.0
253,730.0,7.0,2015-07-05,0.0,0.0,0.0,0.0,0,0.0
254,705.0,5.0,2015-07-10,6639.0,854.0,1.0,0.0,0,1.0
255,617.0,5.0,2015-06-12,6059.0,618.0,1.0,0.0,0,0.0
256,516.0,7.0,2015-06-14,0.0,0.0,0.0,0.0,0,0.0
257,1085.0,7.0,2015-07-05,0.0,0.0,0.0,0.0,0,0.0
258,872.0,4.0,2015-06-18,8901.0,775.0,1.0,1.0,0,0.0
259,511.0,2.0,2015-07-07,5100.0,764.0,1.0,0.0,0,0.0
260,554.0,5.0,2015-06-12,4581.0,614.0,1.0,0.0,0,0.0
261,902.0,7.0,2015-07-05,0.0,0.0,0.0,0.0,0,0.0
262,552.0,3.0,2015-07-08,6979.0,686.0,1.0,0.0,0,0.0
263,844.0,3.0,2015-07-22,3311.0,354.0,1.0,0.0,0,1.0
264,599.0,7.0,2015-06-07,0.0,0.0,0.0,0.0,0,0.0
265,826.0,7.0,2015-07-12,0.0,0.0,0.0,0.0,0,0.0
266,683.0,6.0,2015-07-11,5067.0,523.0,1.0,0.0,0,0.0
267,1090.0,6.0,2015-07-18,2741.0,387.0,1.0,0.0,0,0.0
268,481.0,2.0,2015-07-07,4601.0,434.0,1.0,0.0,0,0.0
269,875.0,5.0,2015-07-03,5852.0,497.0,1.0,1.0,0,0.0
270,745.0,4.0,2015-07-30,8093.0,683.0,1.0,1.0,0,1.0
271,404.0,2.0,2015-06-30,7573.0,712.0,1.0,1.0,0,0.0
272,762.0,6.0,2015-07-25,4926.0,485.0,1.0,0.0,0,0.0
273,361.0,1.0,2015-07-13,9753.0,807.0,1.0,1.0,0,1.0
274,643.0,7.0,2015-06-21,0.0,0.0,0.0,0.0,0,0.0
275,803.0,7.0,2015-07-26,0.0,0.0,0.0,0.0,0,0.0
276,908.0,4.0,2015-07-30,4996.0,361.0,1.0,1.0,0,1.0
277,609.0,4.0,2015-07-30,5908.0,586.0,1.0,1.0,0,1.0
278,687.0,2.0,2015-07-14,9253.0,764.0,1.0,1.0,0,1.0
279,5.0,3.0,2015-07-01,5275.0,582.0,1.0,1.0,0,0.0
280,1000.0,2.0,2015-07-28,7632.0,623.0,1.0,1.0,0,0.0
281,553.0,2.0,2015-06-23,4697.0,460.0,1.0,0.0,0,0.0
282,868.0,2.0,2015-06-30,14893.0,818.0,1.0,1.0,0,0.0
283,249.0,5.0,2015-06-26,4443.0,513.0,1.0,0.0,0,0.0
284,934.0,7.0,2015-06-07,0.0,0.0,0.0,0.0,0,0.0
285,529.0,5.0,2015-06-05,10355.0,968.0,1.0,1.0,0,0.0
286,707.0,4.0,2015-07-30,8874.0,829.0,1.0,1.0,0,1.0
287,794.0,7.0,2015-07-12,0.0,0.0,0.0,0.0,0,0.0
288,591.0,6.0,2015-07-11,3888.0,321.0,1.0,0.0,0,0.0
289,864.0,1.0,2015-07-27,6458.0,725.0,1.0,1.0,0,0.0
290,1084.0,7.0,2015-07-12,0.0,0.0,0.0,0.0,0,0.0
291,522.0,3.0,2015-07-15,8894.0,626.0,1.0,1.0,0,0.0
292,1072.0,1.0,2015-07-20,7063.0,664.0,1.0,0.0,0,1.0
293,913.0,3.0,2015-07-15,8555.0,1029.0,1.0,1.0,0,0.0
294,912.0,6.0,2015-07-18,6232.0,783.0,1.0,0.0,0,0.0
295,925.0,1.0,2015-06-15,11015.0,1551.0,1.0,1.0,0,0.0
296,511.0,7.0,2015-06-21,0.0,0.0,0.0,0.0,0,0.0
297,241.0,6.0,2015-06-20,6102.0,684.0,1.0,0.0,0,0.0
298,821.0,4.0,2015-06-18,8078.0,896.0,1.0,1.0,0,0.0
299,921.0,4.0,2015-07-02,11439.0,1172.0,1.0,1.0,0,0.0
300,1040.0,7.0,2015-06-07,0.0,0.0,0.0,0.0,0,0.0
301,503.0,1.0,2015-07-27,10961.0,605.0,1.0,1.0,0,1.0
302,739.0,2.0,2015-06-16,11468.0,856.0,1.0,1.0,0,0.0
303,805.0,7.0,2015-06-28,0.0,0.0,0.0,0.0,0,0.0
304,835.0,7.0,2015-07-12,0.0,0.0,0.0,0.0,0,0.0
305,731.0,6.0,2015-06-06,6442.0,641.0,1.0,0.0,0,0.0
306,943.0,1.0,2015-06-08,6741.0,533.0,1.0,0.0,0,0.0
307,1034.0,7.0,2015-06-14,0.0,0.0,0.0,0.0,0,0.0
308,484.0,1.0,2015-06-15,9697.0,779.0,1.0,1.0,0,0.0
309,941.0,2.0,2015-07-21,4783.0,533.0,1.0,0.0,0,0.0
310,757.0,5.0,2015-07-24,6381.0,603.0,1.0,0.0,0,0.0
311,968.0,3.0,2015-06-03,8861.0,989.0,1.0,1.0,0,0.0
312,735.0,2.0,2015-07-07,4041.0,426.0,1.0,0.0,0,0.0
313,658.0,7.0,2015-06-28,0.0,0.0,0.0,0.0,0,0.0
314,785.0,4.0,2015-07-09,5038.0,550.0,1.0,0.0,0,1.0
315,694.0,7.0,2015-06-07,0.0,0.0,0.0,0.0,0,0.0
316,474.0,1.0,2015-07-06,7947.0,787.0,1.0,0.0,0,0.0
317,571.0,1.0,2015-06-15,11959.0,759.0,1.0,1.0,0,0.0
318,826.0,3.0,2015-06-10,8741.0,709.0,1.0,0.0,0,0.0
319,910.0,7.0,2015-06-28,0.0,0.0,0.0,0.0,0,0.0
320,1007.0,3.0,2015-07-15,8446.0,854.0,1.0,1.0,0,0.0
321,815.0,5.0,2015-07-17,6657.0,649.0,1.0,1.0,0,0.0
322,945.0,6.0,2015-07-25,2550.0,269.0,1.0,0.0,0,0.0
323,897.0,7.0,2015-06-14,0.0,0.0,0.0,0.0,0,0.0
324,725.0,2.0,2015-06-02,6390.0,612.0,1.0,1.0,0,0.0
325,1015.0,3.0,2015-07-29,7448.0,535.0,1.0,1.0,0,1.0
326,844.0,3.0,2015-07-08,4533.0,464.0,1.0,0.0,0,1.0
327,928.0,7.0,2015-06-14,0.0,0.0,0.0,0.0,0,0.0
328,829.0,7.0,2015-07-12,0.0,0.0,0.0,0.0,0,0.0
329,568.0,6.0,2015-06-13,6205.0,498.0,1.0,0.0,0,0.0
330,561.0,5.0,2015-07-17,8094.0,736.0,1.0,1.0,0,1.0
331,717.0,2.0,2015-07-14,8226.0,673.0,1.0,1.0,0,1.0
332,976.0,2.0,2015-07-21,5043.0,601.0,1.0,0.0,0,1.0
333,1055.0,2.0,2015-06-23,5369.0,775.0,1.0,0.0,0,0.0
334,939.0,2.0,2015-07-28,6079.0,544.0,1.0,1.0,0,1.0
335,428.0,6.0,2015-07-18,5981.0,556.0,1.0,0.0,0,0.0
336,1028.0,7.0,2015-07-12,0.0,0.0,0.0,0.0,0,0.0
337,916.0,2.0,2015-06-16,6799.0,757.0,1.0,1.0,0,0.0
338,385.0,1.0,2015-07-13,10971.0,848.0,1.0,1.0,0,0.0
339,965.0,2.0,2015-06-09,6912.0,796.0,1.0,0.0,0,0.0
340,607.0,1.0,2015-06-01,5862.0,528.0,1.0,1.0,0,0.0
341,837.0,4.0,2015-06-18,4398.0,563.0,1.0,1.0,0,0.0
342,1014.0,2.0,2015-07-07,8088.0,877.0,1.0,0.0,0,1.0
343,1005.0,3.0,2015-07-29,6862.0,914.0,1.0,1.0,0,1.0
344,385.0,1.0,2015-07-20,5863.0,539.0,1.0,0.0,0,0.0
345,256.0,2.0,2015-07-14,10275.0,1090.0,1.0,1.0,0,1.0
346,520.0,1.0,2015-06-15,5489.0,553.0,1.0,1.0,0,0.0
347,999.0,2.0,2015-07-07,6483.0,491.0,1.0,0.0,0,0.0
348,674.0,2.0,2015-06-09,6116.0,818.0,1.0,0.0,0,0.0
349,95.0,3.0,2015-07-29,7129.0,779.0,1.0,1.0,0,1.0
350,752.0,4.0,2015-06-18,5752.0,459.0,1.0,1.0,0,0.0
351,578.0,6.0,2015-07-04,9621.0,893.0,1.0,0.0,0,0.0
352,787.0,7.0,2015-07-05,0.0,0.0,0.0,0.0,0,0.0
353,190.0,2.0,2015-06-09,7552.0,703.0,1.0,0.0,0,0.0
354,915.0,1.0,2015-06-08,5644.0,463.0,1.0,0.0,0,0.0
355,810.0,7.0,2015-07-19,0.0,0.0,0.0,0.0,0,0.0
356,848.0,3.0,2015-06-03,9137.0,939.0,1.0,1.0,0,1.0
357,473.0,2.0,2015-07-28,3990.0,544.0,1.0,1.0,0,1.0
358,915.0,2.0,2015-07-07,4248.0,382.0,1.0,0.0,0,0.0
359,511.0,7.0,2015-06-28,0.0,0.0,0.0,0.0,0,0.0
360,1058.0,2.0,2015-06-16,9171.0,830.0,1.0,1.0,0,0.0
361,516.0,2.0,2015-07-07,4289.0,598.0,1.0,0.0,0,0.0
362,616.0,4.0,2015-07-30,8478.0,790.0,1.0,1.0,0,1.0
363,551.0,1.0,2015-07-20,6290.0,866.0,1.0,0.0,0,1.0
364,726.0,6.0,2015-07-11,6189.0,651.0,1.0,0.0,0,0.0
365,593.0,4.0,2015-06-25,69791.0,1002.0,1.0,0.0,0,0.0
366,696.0,2.0,2015-06-23,7572.0,905.0,1.0,0.0,0,0.0
367,885.0,5.0,2015-07-31,7056.0,834.0,1.0,1.0,0,1.0
368,905.0,1.0,2015-07-27,6869.0,1024.0,1.0,1.0,0,1.0
369,498.0,4.0,2015-06-11,6267.0,790.0,1.0,0.0,0,0.0
370,1107.0,4.0,2015-06-11,5325.0,588.0,1.0,0.0,0,0.0
371,1054.0,1.0,2015-07-06,6041.0,630.0,1.0,0.0,0,0.0
372,1103.0,4.0,2015-07-09,5010.0,416.0,1.0,0.0,0,0.0
373,893.0,4.0,2015-06-25,5296.0,798.0,1.0,0.0,0,0.0
374,437.0,4.0,2015-06-18,9307.0,947.0,1.0,1.0,0,0.0
375,542.0,1.0,2015-07-27,9078.0,691.0,1.0,1.0,0,1.0
376,1084.0,4.0,2015-06-25,4818.0,661.0,1.0,0.0,0,0.0
377,559.0,2.0,2015-06-09,5453.0,709.0,1.0,0.0,0,0.0
378,745.0,3.0,2015-06-10,6537.0,611.0,1.0,0.0,0,0.0
379,1074.0,5.0,2015-07-17,5808.0,517.0,1.0,1.0,0,1.0
380,888.0,5.0,2015-06-26,7076.0,675.0,1.0,0.0,0,0.0
381,746.0,7.0,2015-07-26,0.0,0.0,0.0,0.0,0,0.0
382,941.0,1.0,2015-06-22,4662.0,520.0,1.0,0.0,0,0.0
383,833.0,2.0,2015-06-30,8069.0,572.0,1.0,1.0,0,0.0
384,529.0,1.0,2015-06-01,11754.0,957.0,1.0,1.0,0,0.0
385,1056.0,2.0,2015-07-21,3545.0,363.0,1.0,0.0,0,0.0
386,563.0,7.0,2015-07-12,0.0,0.0,0.0,0.0,0,0.0
387,703.0,7.0,2015-06-07,0.0,0.0,0.0,0.0,0,0.0
388,935.0,5.0,2015-06-12,5287.0,565.0,1.0,0.0,0,0.0
389,929.0,1.0,2015-07-06,6584.0,826.0,1.0,0.0,0,0.0
390,724.0,2.0,2015-06-30,8623.0,746.0,1.0,1.0,0,0.0
391,779.0,7.0,2015-06-14,0.0,0.0,0.0,0.0,0,0.0
392,650.0,7.0,2015-07-12,0.0,0.0,0.0,0.0,0,0.0
393,932.0,3.0,2015-06-24,5736.0,659.0,1.0,0.0,0,0.0
394,714.0,7.0,2015-06-21,0.0,0.0,0.0,0.0,0,0.0
395,300.0,5.0,2015-07-03,8094.0,969.0,1.0,1.0,0,0.0
396,605.0,7.0,2015-07-05,0.0,0.0,0.0,0.0,0,0.0
397,918.0,4.0,2015-07-02,624.0,624.0,1.0,1.0,0,0.0
398,532.0,6.0,2015-06-06,12037.0,1397.0,1.0,0.0,0,0.0
399,43.0,5.0,2015-07-17,7101.0,618.0,1.0,1.0,0,1.0
400,921.0,3.0,2015-07-01,11828.0,1196.0,1.0,1.0,0,0.0
401,736.0,7.0,2015-07-12,0.0,0.0,0.0,0.0,0,0.0
402,829.0,3.0,2015-06-17,6236.0,786.0,1.0,1.0,0,0.0
403,931.0,7.0,2015-07-19,2474.0,378.0,1.0,0.0,0,0.0
404,664.0,3.0,2015-06-03,6699.0,678.0,1.0,1.0,0,0.0
405,275.0,1.0,2015-07-13,9472.0,829.0,1.0,1.0,0,0.0
406,823.0,7.0,2015-06-21,0.0,0.0,0.0,0.0,0,0.0
407,107.0,6.0,2015-06-20,7804.0,979.0,1.0,0.0,0,0.0
408,1086.0,2.0,2015-07-07,4537.0,584.0,1.0,0.0,0,0.0
409,919.0,4.0,2015-06-11,5466.0,709.0,1.0,0.0,0,0.0
410,457.0,1.0,2015-06-29,9394.0,679.0,1.0,1.0,0,0.0
411,913.0,7.0,2015-07-26,0.0,0.0,0.0,0.0,0,0.0
412,957.0,2.0,2015-06-09,5398.0,617.0,1.0,0.0,0,0.0
413,566.0,5.0,2015-06-19,5076.0,577.0,1.0,1.0,0,0.0
414,531.0,1.0,2015-07-06,5156.0,641.0,1.0,0.0,0,0.0
415,602.0,6.0,2015-06-20,4597.0,462.0,1.0,0.0,0,0.0
416,910.0,7.0,2015-06-28,0.0,0.0,0.0,0.0,0,0.0
417,971.0,2.0,2015-06-02,11616.0,1134.0,1.0,1.0,0,0.0
418,566.0,7.0,2015-06-07,0.0,0.0,0.0,0.0,0,0.0
419,547.0,1.0,2015-06-29,8598.0,607.0,1.0,1.0,0,0.0
420,1094.0,1.0,2015-07-06,4181.0,321.0,1.0,0.0,0,0.0
421,99.0,3.0,2015-07-01,5894.0,493.0,1.0,1.0,0,0.0
422,925.0,1.0,2015-07-06,6539.0,1146.0,1.0,0.0,0,0.0
423,629.0,7.0,2015-07-05,0.0,0.0,0.0,0.0,0,0.0
424,613.0,6.0,2015-06-27,5686.0,919.0,1.0,0.0,0,0.0
425,975.0,7.0,2015-06-28,0.0,0.0,0.0,0.0,0,0.0
426,810.0,6.0,2015-07-04,5526.0,461.0,1.0,0.0,0,0.0
427,862.0,6.0,2015-07-25,5368.0,730.0,1.0,0.0,0,0.0
428,289.0,2.0,2015-06-09,4785.0,475.0,1.0,0.0,0,0.0
429,364.0,4.0,2015-06-25,4278.0,635.0,1.0,0.0,0,0.0
430,539.0,7.0,2015-06-28,0.0,0.0,0.0,0.0,0,0.0
431,810.0,7.0,2015-06-28,0.0,0.0,0.0,0.0,0,0.0
432,1037.0,7.0,2015-07-26,0.0,0.0,0.0,0.0,0,0.0
433,707.0,7.0,2015-06-07,0.0,0.0,0.0,0.0,0,0.0
434,695.0,4.0,2015-07-16,6579.0,556.0,1.0,1.0,0,1.0
435,1095.0,2.0,2015-06-02,5270.0,743.0,1.0,1.0,0,0.0
436,823.0,6.0,2015-06-20,4891.0,476.0,1.0,0.0,0,0.0
437,1020.0,6.0,2015-07-25,8686.0,1027.0,1.0,0.0,0,0.0
438,513.0,7.0,2015-07-19,0.0,0.0,0.0,0.0,0,0.0
439,1007.0,4.0,2015-06-11,5551.0,673.0,1.0,0.0,0,0.0
440,924.0,5.0,2015-07-17,4649.0,421.0,1.0,1.0,0,1.0
441,730.0,5.0,2015-06-19,7953.0,815.0,1.0,1.0,0,0.0
442,860.0,1.0,2015-06-22,5562.0,686.0,1.0,0.0,0,0.0
443,464.0,3.0,2015-07-15,11449.0,1219.0,1.0,1.0,0,0.0
444,752.0,4.0,2015-06-18,5797.0,453.0,1.0,1.0,0,0.0
445,983.0,4.0,2015-07-09,7663.0,1135.0,1.0,0.0,0,0.0
446,1108.0,2.0,2015-07-07,4489.0,449.0,1.0,0.0,0,0.0
447,687.0,7.0,2015-07-12,0.0,0.0,0.0,0.0,0,0.0
448,842.0,3.0,2015-07-01,22190.0,1272.0,1.0,1.0,0,0.0
449,638.0,2.0,2015-06-30,7097.0,521.0,1.0,1.0,0,0.0
450,743.0,2.0,2015-06-23,3481.0,374.0,1.0,0.0,0,0.0
451,489.0,5.0,2015-07-31,7372.0,646.0,1.0,1.0,0,1.0
452,726.0,7.0,2015-07-12,0.0,0.0,0.0,0.0,0,0.0
453,1080.0,5.0,2015-06-12,10281.0,789.0,1.0,0.0,0,0.0
454,553.0,5.0,2015-07-10,6095.0,646.0,1.0,0.0,0,0.0
455,141.0,2.0,2015-06-09,4939.0,629.0,1.0,0.0,0,0.0
456,975.0,3.0,2015-07-15,8237.0,753.0,1.0,1.0,0,1.0
457,1023.0,1.0,2015-06-08,4588.0,499.0,1.0,0.0,0,0.0
458,926.0,5.0,2015-07-10,6586.0,469.0,1.0,0.0,0,1.0
459,1056.0,3.0,2015-07-15,5052.0,473.0,1.0,1.0,0,0.0
460,636.0,6.0,2015-06-27,5162.0,683.0,1.0,0.0,0,0.0
461,1100.0,1.0,2015-06-15,9495.0,823.0,1.0,1.0,0,0.0
462,1026.0,5.0,2015-07-03,9882.0,1319.0,1.0,1.0,0,1.0
463,1062.0,5.0,2015-07-03,8114.0,657.0,1.0,1.0,0,0.0
464,646.0,4.0,2015-07-02,5844.0,764.0,1.0,1.0,0,0.0
465,868.0,7.0,2015-06-07,0.0,0.0,0.0,0.0,0,0.0
466,700.0,5.0,2015-06-05,5584.0,689.0,1.0,1.0,0,0.0
467,538.0,1.0,2015-06-01,5679.0,717.0,1.0,1.0,0,0.0
468,505.0,4.0,2015-06-11,4703.0,665.0,1.0,0.0,0,0.0
469,710.0,2.0,2015-07-21,2968.0,288.0,1.0,0.0,0,0.0
470,666.0,4.0,2015-06-11,4989.0,533.0,1.0,0.0,0,0.0
471,261.0,2.0,2015-06-30,21386.0,1411.0,1.0,1.0,0,0.0
472,839.0,7.0,2015-06-07,0.0,0.0,0.0,0.0,0,0.0
473,982.0,5.0,2015-07-31,10421.0,818.0,1.0,1.0,0,1.0
474,1026.0,5.0,2015-07-17,9092.0,993.0,1.0,1.0,0,1.0
475,707.0,2.0,2015-06-30,12534.0,1123.0,1.0,1.0,0,0.0
476,798.0,1.0,2015-06-15,13174.0,1250.0,1.0,1.0,0,0.0
477,1090.0,7.0,2015-06-28,0.0,0.0,0.0,0.0,0,0.0
478,10.0,3.0,2015-06-03,6256.0,609.0,1.0,1.0,0,0.0
479,723.0,6.0,2015-06-06,8139.0,694.0,1.0,0.0,0,0.0
480,1047.0,2.0,2015-07-28,6458.0,558.0,1.0,1.0,0,1.0
481,514.0,7.0,2015-07-26,0.0,0.0,0.0,0.0,0,0.0
482,605.0,4.0,2015-07-09,6217.0,498.0,1.0,0.0,0,0.0
483,594.0,7.0,2015-07-05,0.0,0.0,0.0,0.0,0,0.0
484,434.0,7.0,2015-06-21,0.0,0.0,0.0,0.0,0,0.0
485,79.0,4.0,2015-07-16,5647.0,561.0,1.0,1.0,0,0.0
486,937.0,1.0,2015-07-13,10991.0,747.0,1.0,1.0,0,0.0
487,33.0,2.0,2015-07-14,8588.0,766.0,1.0,1.0,0,1.0
488,141.0,6.0,2015-07-18,5153.0,618.0,1.0,0.0,0,0.0
489,877.0,4.0,2015-07-16,6707.0,862.0,1.0,1.0,0,0.0
490,442.0,2.0,2015-06-30,6196.0,548.0,1.0,1.0,0,0.0
491,746.0,1.0,2015-06-08,5946.0,490.0,1.0,0.0,0,0.0
492,635.0,7.0,2015-07-12,0.0,0.0,0.0,0.0,0,0.0
493,992.0,3.0,2015-06-10,5177.0,668.0,1.0,0.0,0,0.0
494,854.0,5.0,2015-06-12,5651.0,535.0,1.0,0.0,0,0.0
495,673.0,1.0,2015-06-22,6103.0,524.0,1.0,0.0,0,0.0
496,384.0,1.0,2015-07-20,8882.0,993.0,1.0,0.0,0,1.0
497,848.0,1.0,2015-06-15,10653.0,984.0,1.0,1.0,0,0.0
498,676.0,3.0,2015-07-15,9128.0,2192.0,1.0,1.0,0,0.0
499,314.0,3.0,2015-06-03,6658.0,654.0,1.0,1.0,0,0.0
500,561.0,3.0,2015-07-22,5417.0,582.0,1.0,0.0,0,1.0
501,912.0,5.0,2015-07-17,5269.0,679.0,1.0,1.0,0,0.0
502,581.0,2.0,2015-07-21,3866.0,482.0,1.0,0.0,0,0.0
503,759.0,7.0,2015-06-21,0.0,0.0,0.0,0.0,0,0.0
504,833.0,7.0,2015-07-12,0.0,0.0,0.0,0.0,0,0.0
505,82.0,6.0,2015-06-06,5483.0,567.0,1.0,0.0,0,0.0
506,835.0,4.0,2015-07-02,6051.0,639.0,1.0,1.0,0,1.0
507,972.0,7.0,2015-06-14,0.0,0.0,0.0,0.0,0,0.0
508,635.0,2.0,2015-07-07,5411.0,669.0,1.0,0.0,0,0.0
509,967.0,3.0,2015-07-29,8294.0,767.0,1.0,1.0,0,1.0
510,902.0,6.0,2015-06-27,4005.0,528.0,1.0,0.0,0,0.0
511,1023.0,7.0,2015-06-28,0.0,0.0,0.0,0.0,0,0.0
512,654.0,4.0,2015-07-30,7612.0,672.0,1.0,1.0,0,1.0
513,884.0,4.0,2015-06-18,7076.0,614.0,1.0,1.0,0,0.0
514,646.0,4.0,2015-07-30,5897.0,764.0,1.0,1.0,0,0.0
515,967.0,2.0,2015-07-07,7167.0,735.0,1.0,0.0,0,1.0
516,1064.0,7.0,2015-07-19,0.0,0.0,0.0,0.0,0,0.0
517,881.0,4.0,2015-06-25,3547.0,537.0,1.0,0.0,0,0.0
518,689.0,2.0,2015-06-23,6056.0,631.0,1.0,0.0,0,0.0
519,865.0,4.0,2015-07-16,8287.0,619.0,1.0,1.0,0,1.0
520,1039.0,7.0,2015-07-12,0.0,0.0,0.0,0.0,0,0.0
521,687.0,5.0,2015-07-31,10625.0,778.0,1.0,1.0,0,1.0
522,462.0,1.0,2015-07-13,6302.0,716.0,1.0,1.0,0,1.0
523,1011.0,1.0,2015-07-13,10660.0,983.0,1.0,1.0,0,1.0
524,761.0,5.0,2015-06-12,7804.0,913.0,1.0,0.0,0,0.0
525,829.0,1.0,2015-07-27,7968.0,899.0,1.0,1.0,0,0.0
526,799.0,3.0,2015-07-29,8309.0,792.0,1.0,1.0,0,1.0
527,480.0,5.0,2015-07-31,6610.0,759.0,1.0,1.0,0,1.0
528,172.0,3.0,2015-07-29,7737.0,878.0,1.0,1.0,0,0.0
529,765.0,4.0,2015-07-09,8518.0,738.0,1.0,0.0,0,0.0
530,723.0,3.0,2015-07-08,6223.0,545.0,1.0,0.0,0,0.0
531,901.0,5.0,2015-06-26,5732.0,547.0,1.0,0.0,0,0.0
532,814.0,5.0,2015-07-17,9013.0,792.0,1.0,1.0,0,1.0
533,90.0,6.0,2015-06-20,7358.0,946.0,1.0,0.0,0,0.0
534,624.0,6.0,2015-06-06,4494.0,427.0,1.0,0.0,0,0.0
535,932.0,6.0,2015-07-11,6139.0,562.0,1.0,0.0,0,0.0
536,5.0,6.0,2015-07-11,3303.0,387.0,1.0,0.0,0,0.0
537,478.0,3.0,2015-06-17,7178.0,700.0,1.0,1.0,0,0.0
538,710.0,4.0,2015-06-11,3365.0,297.0,1.0,0.0,0,0.0
539,289.0,5.0,2015-07-10,5485.0,496.0,1.0,0.0,0,0.0
540,159.0,3.0,2015-06-17,10262.0,828.0,1.0,1.0,0,0.0
541,521.0,6.0,2015-07-11,4773.0,416.0,1.0,0.0,0,0.0
542,311.0,3.0,2015-06-17,7678.0,871.0,1.0,1.0,0,0.0
543,258.0,3.0,2015-06-10,4773.0,498.0,1.0,0.0,0,0.0
544,651.0,3.0,2015-07-01,7372.0,818.0,1.0,1.0,0,1.0
545,934.0,4.0,2015-07-16,6892.0,625.0,1.0,1.0,0,1.0
546,678.0,1.0,2015-07-13,9919.0,941.0,1.0,1.0,0,1.0
547,350.0,4.0,2015-06-25,6251.0,444.0,1.0,0.0,0,0.0
548,649.0,7.0,2015-07-05,0.0,0.0,0.0,0.0,0,0.0
549,912.0,3.0,2015-07-15,6078.0,693.0,1.0,1.0,0,1.0
550,688.0,7.0,2015-06-21,0.0,0.0,0.0,0.0,0,0.0
551,260.0,3.0,2015-07-29,5907.0,786.0,1.0,1.0,0,1.0
552,697.0,3.0,2015-07-15,11395.0,893.0,1.0,1.0,0,1.0
553,875.0,6.0,2015-07-04,3406.0,362.0,1.0,0.0,0,0.0
554,541.0,4.0,2015-07-30,8756.0,871.0,1.0,1.0,0,1.0
555,563.0,5.0,2015-07-31,4851.0,582.0,1.0,1.0,0,1.0
556,874.0,7.0,2015-06-14,0.0,0.0,0.0,0.0,0,0.0
557,884.0,7.0,2015-07-05,0.0,0.0,0.0,0.0,0,0.0
558,865.0,4.0,2015-07-23,6170.0,501.0,1.0,0.0,0,1.0
559,992.0,4.0,2015-07-16,5052.0,644.0,1.0,1.0,0,1.0
560,667.0,3.0,2015-06-10,6924.0,700.0,1.0,0.0,0,0.0
561,673.0,6.0,2015-07-25,6628.0,507.0,1.0,0.0,0,0.0
562,1099.0,5.0,2015-07-24,7159.0,873.0,1.0,0.0,0,1.0
563,1033.0,7.0,2015-06-14,0.0,0.0,0.0,0.0,0,0.0
564,715.0,6.0,2015-06-20,6011.0,603.0,1.0,0.0,0,0.0
565,766.0,7.0,2015-06-28,0.0,0.0,0.0,0.0,0,0.0
566,696.0,4.0,2015-06-11,8560.0,993.0,1.0,0.0,0,0.0
567,618.0,2.0,2015-06-30,7223.0,598.0,1.0,1.0,0,0.0
568,872.0,4.0,2015-07-02,8076.0,689.0,1.0,1.0,0,1.0
569,994.0,7.0,2015-06-07,0.0,0.0,0.0,0.0,0,0.0
570,532.0,3.0,2015-06-17,12688.0,1409.0,1.0,1.0,0,0.0
571,538.0,1.0,2015-07-13,6098.0,745.0,1.0,1.0,0,0.0
572,625.0,5.0,2015-07-03,7574.0,727.0,1.0,1.0,0,1.0
573,100.0,7.0,2015-06-21,0.0,0.0,0.0,0.0,0,0.0
574,735.0,1.0,2015-07-27,6272.0,513.0,1.0,1.0,0,1.0
575,622.0,5.0,2015-06-12,4516.0,468.0,1.0,0.0,0,0.0
576,198.0,5.0,2015-07-31,4963.0,454.0,1.0,1.0,0,1.0
577,3.0,7.0,2015-06-28,0.0,0.0,0.0,0.0,0,0.0
578,471.0,4.0,2015-07-23,6560.0,549.0,1.0,0.0,0,0.0
579,174.0,1.0,2015-06-01,8601.0,619.0,1.0,1.0,0,1.0
580,887.0,1.0,2015-07-27,9657.0,634.0,1.0,1.0,0,1.0
581,1008.0,1.0,2015-07-13,6527.0,799.0,1.0,1.0,0,1.0
582,447.0,1.0,2015-06-29,7300.0,790.0,1.0,1.0,0,0.0
583,202.0,1.0,2015-06-08,6708.0,512.0,1.0,0.0,0,0.0
584,947.0,7.0,2015-06-21,0.0,0.0,0.0,0.0,0,0.0
585,1045.0,1.0,2015-06-08,9082.0,1236.0,1.0,0.0,0,0.0
586,459.0,7.0,2015-07-05,0.0,0.0,0.0,0.0,0,0.0
587,708.0,5.0,2015-07-24,4485.0,464.0,1.0,0.0,0,1.0
588,646.0,7.0,2015-07-12,0.0,0.0,0.0,0.0,0,0.0
589,654.0,7.0,2015-06-07,0.0,0.0,0.0,0.0,0,0.0
590,1061.0,7.0,2015-06-21,0.0,0.0,0.0,0.0,0,0.0
591,841.0,7.0,2015-07-26,0.0,0.0,0.0,0.0,0,0.0
592,820.0,4.0,2015-06-18,12683.0,984.0,1.0,1.0,0,0.0
593,188.0,6.0,2015-06-20,5675.0,538.0,1.0,0.0,0,0.0
594,1027.0,7.0,2015-06-07,0.0,0.0,0.0,0.0,0,0.0
595,105.0,5.0,2015-07-10,5188.0,646.0,1.0,0.0,0,0.0
596,754.0,6.0,2015-07-25,4531.0,551.0,1.0,0.0,0,0.0
597,789.0,1.0,2015-07-27,4417.0,517.0,1.0,1.0,0,1.0
598,669.0,6.0,2015-07-04,5382.0,448.0,1.0,0.0,0,0.0
599,974.0,3.0,2015-06-17,13720.0,1734.0,1.0,1.0,0,0.0
600,442.0,3.0,2015-07-01,5809.0,518.0,1.0,1.0,0,0.0
601,596.0,5.0,2015-06-19,3889.0,548.0,1.0,1.0,0,0.0
602,938.0,6.0,2015-07-04,8183.0,815.0,1.0,0.0,0,0.0
603,1072.0,4.0,2015-07-02,7861.0,706.0,1.0,1.0,0,0.0
604,305.0,3.0,2015-06-17,6869.0,597.0,1.0,1.0,0,0.0
605,1005.0,1.0,2015-07-06,5646.0,884.0,1.0,0.0,0,1.0
606,649.0,1.0,2015-07-06,3135.0,371.0,1.0,0.0,0,0.0
607,567.0,7.0,2015-07-05,0.0,0.0,0.0,0.0,0,0.0
608,396.0,5.0,2015-07-24,8282.0,957.0,1.0,0.0,0,1.0
609,690.0,2.0,2015-07-14,6925.0,848.0,1.0,1.0,0,1.0
610,619.0,6.0,2015-06-27,3995.0,414.0,1.0,0.0,0,0.0
611,612.0,7.0,2015-06-14,0.0,0.0,0.0,0.0,0,0.0
612,636.0,5.0,2015-06-26,3325.0,516.0,1.0,0.0,0,0.0
613,1086.0,3.0,2015-06-24,4255.0,566.0,1.0,0.0,0,0.0
614,877.0,3.0,2015-07-29,7007.0,900.0,1.0,1.0,0,1.0
615,919.0,2.0,2015-07-21,4847.0,657.0,1.0,0.0,0,0.0
616,1037.0,2.0,2015-07-07,4499.0,614.0,1.0,0.0,0,1.0
617,790.0,7.0,2015-06-28,0.0,0.0,0.0,0.0,0,0.0
618,1064.0,5.0,2015-07-31,10341.0,1069.0,1.0,1.0,0,1.0
619,441.0,4.0,2015-07-30,7202.0,701.0,1.0,1.0,0,1.0
620,598.0,3.0,2015-07-08,4677.0,705.0,1.0,0.0,0,0.0
621,360.0,1.0,2015-06-15,10187.0,957.0,1.0,1.0,0,0.0
622,1052.0,5.0,2015-06-26,6091.0,630.0,1.0,0.0,0,0.0
623,562.0,4.0,2015-07-23,11927.0,2491.0,1.0,0.0,0,1.0
624,317.0,6.0,2015-07-11,5570.0,587.0,1.0,0.0,0,0.0
625,834.0,2.0,2015-06-16,7785.0,759.0,1.0,1.0,0,0.0
626,929.0,2.0,2015-06-23,5010.0,629.0,1.0,0.0,0,0.0
627,859.0,2.0,2015-06-16,9295.0,826.0,1.0,1.0,0,0.0
628,788.0,2.0,2015-06-09,16101.0,1641.0,1.0,0.0,0,0.0
629,1047.0,2.0,2015-07-28,5915.0,559.0,1.0,1.0,0,1.0
630,707.0,5.0,2015-07-24,7074.0,805.0,1.0,0.0,0,1.0
631,1109.0,7.0,2015-06-07,0.0,0.0,0.0,0.0,0,0.0
632,833.0,6.0,2015-06-20,4474.0,472.0,1.0,0.0,0,0.0
633,119.0,6.0,2015-07-11,4399.0,517.0,1.0,0.0,0,0.0
634,527.0,7.0,2015-06-07,0.0,0.0,0.0,0.0,0,0.0
635,488.0,4.0,2015-06-04,4090.0,398.0,1.0,1.0,0,0.0
636,459.0,7.0,2015-06-28,0.0,0.0,0.0,0.0,0,0.0
637,539.0,6.0,2015-06-27,13147.0,1146.0,1.0,0.0,0,0.0
638,636.0,3.0,2015-06-17,8245.0,822.0,1.0,1.0,0,0.0
639,561.0,5.0,2015-06-12,5809.0,575.0,1.0,0.0,0,0.0
640,941.0,7.0,2015-06-07,0.0,0.0,0.0,0.0,0,0.0
641,767.0,5.0,2015-06-12,4443.0,513.0,1.0,0.0,0,0.0
642,1104.0,4.0,2015-07-30,6078.0,472.0,1.0,1.0,0,0.0
643,972.0,2.0,2015-07-28,4327.0,462.0,1.0,1.0,0,1.0
644,804.0,7.0,2015-07-12,0.0,0.0,0.0,0.0,0,0.0
645,155.0,6.0,2015-06-06,7415.0,871.0,1.0,0.0,0,0.0
646,382.0,1.0,2015-07-13,9885.0,727.0,1.0,1.0,0,1.0
647,589.0,2.0,2015-06-16,6577.0,633.0,1.0,1.0,0,0.0
648,1035.0,3.0,2015-07-08,5241.0,603.0,1.0,0.0,0,0.0
649,1028.0,7.0,2015-07-26,0.0,0.0,0.0,0.0,0,0.0
650,517.0,3.0,2015-07-08,5688.0,641.0,1.0,0.0,0,0.0
651,966.0,3.0,2015-06-24,4298.0,557.0,1.0,0.0,0,0.0
652,981.0,3.0,2015-07-29,7366.0,654.0,1.0,1.0,0,1.0
653,1054.0,7.0,2015-06-07,0.0,0.0,0.0,0.0,0,0.0
654,559.0,2.0,2015-06-02,9247.0,1058.0,1.0,1.0,0,0.0
655,1052.0,6.0,2015-06-13,6225.0,622.0,1.0,0.0,0,0.0
656,1019.0,5.0,2015-06-26,7959.0,661.0,1.0,0.0,0,0.0
657,771.0,3.0,2015-07-08,6498.0,646.0,1.0,0.0,0,0.0
658,653.0,6.0,2015-07-04,4869.0,368.0,1.0,0.0,0,0.0
659,830.0,2.0,2015-06-16,7539.0,707.0,1.0,1.0,0,0.0
660,734.0,5.0,2015-06-05,8218.0,708.0,1.0,1.0,0,0.0
661,10.0,5.0,2015-06-19,6236.0,651.0,1.0,1.0,0,0.0
662,58.0,3.0,2015-06-03,8897.0,633.0,1.0,1.0,0,0.0
663,862.0,3.0,2015-06-17,8362.0,995.0,1.0,1.0,0,0.0
664,163.0,2.0,2015-06-30,9308.0,952.0,1.0,1.0,0,0.0
665,584.0,3.0,2015-07-01,5085.0,431.0,1.0,1.0,0,0.0
666,942.0,5.0,2015-06-05,8082.0,549.0,1.0,1.0,0,0.0
667,11.0,2.0,2015-06-30,11122.0,1311.0,1.0,1.0,0,0.0
668,882.0,2.0,2015-06-16,8076.0,944.0,1.0,1.0,0,0.0
669,185.0,1.0,2015-06-08,5955.0,454.0,1.0,0.0,0,0.0
670,767.0,3.0,2015-07-15,7366.0,668.0,1.0,1.0,0,0.0
671,89.0,3.0,2015-07-22,5489.0,636.0,1.0,0.0,0,0.0
672,874.0,4.0,2015-07-09,4107.0,456.0,1.0,0.0,0,0.0
673,949.0,1.0,2015-07-27,8077.0,691.0,1.0,1.0,0,1.0
674,917.0,4.0,2015-07-30,7648.0,735.0,1.0,1.0,0,1.0
675,1065.0,7.0,2015-06-21,0.0,0.0,0.0,0.0,0,0.0
676,1055.0,2.0,2015-07-07,6221.0,855.0,1.0,0.0,0,0.0
677,677.0,5.0,2015-07-03,6474.0,567.0,1.0,1.0,0,0.0
678,683.0,2.0,2015-07-21,7323.0,772.0,1.0,0.0,0,1.0
679,689.0,7.0,2015-07-05,0.0,0.0,0.0,0.0,0,0.0
680,605.0,5.0,2015-06-05,9965.0,649.0,1.0,1.0,0,1.0
681,946.0,3.0,2015-07-29,5131.0,560.0,1.0,1.0,0,1.0
682,283.0,2.0,2015-06-30,11011.0,878.0,1.0,1.0,0,0.0
683,579.0,6.0,2015-06-06,7353.0,866.0,1.0,0.0,0,0.0
684,49.0,7.0,2015-07-19,0.0,0.0,0.0,0.0,0,0.0
685,1000.0,4.0,2015-06-25,5982.0,589.0,1.0,0.0,0,0.0
686,884.0,3.0,2015-06-03,7180.0,654.0,1.0,1.0,0,1.0
687,957.0,4.0,2015-06-18,8042.0,880.0,1.0,1.0,0,0.0
688,587.0,2.0,2015-06-23,8090.0,585.0,1.0,0.0,0,0.0
689,863.0,1.0,2015-06-22,7459.0,931.0,1.0,0.0,0,0.0
690,975.0,5.0,2015-06-26,6971.0,774.0,1.0,0.0,0,0.0
691,1005.0,4.0,2015-06-04,0.0,0.0,1.0,1.0,a,0.0
692,716.0,4.0,2015-07-23,5451.0,392.0,1.0,0.0,0,0.0
693,40.0,4.0,2015-06-18,4474.0,612.0,1.0,1.0,0,0.0
694,778.0,5.0,2015-07-03,5127.0,719.0,1.0,1.0,0,0.0
695,936.0,2.0,2015-07-21,5812.0,791.0,1.0,0.0,0,1.0
696,975.0,5.0,2015-07-31,9784.0,802.0,1.0,1.0,0,1.0
697,939.0,4.0,2015-07-09,5197.0,488.0,1.0,0.0,0,1.0
698,469.0,7.0,2015-06-07,0.0,0.0,0.0,0.0,0,0.0
699,957.0,6.0,2015-07-25,5140.0,557.0,1.0,0.0,0,0.0
700,733.0,3.0,2015-07-29,14796.0,3123.0,1.0,1.0,0,1.0
701,1070.0,5.0,2015-06-05,6650.0,804.0,1.0,1.0,0,0.0
702,363.0,2.0,2015-06-02,9592.0,1157.0,1.0,1.0,0,0.0
703,642.0,3.0,2015-06-03,3634.0,498.0,1.0,1.0,0,0.0
704,806.0,7.0,2015-07-12,0.0,0.0,0.0,0.0,0,0.0
705,964.0,4.0,2015-06-25,6906.0,1169.0,1.0,0.0,0,0.0
706,1041.0,2.0,2015-06-16,6633.0,668.0,1.0,1.0,0,0.0
707,1091.0,1.0,2015-06-01,14974.0,1023.0,1.0,1.0,0,0.0
708,973.0,3.0,2015-07-08,5793.0,779.0,1.0,0.0,0,1.0
709,749.0,2.0,2015-06-02,7059.0,746.0,1.0,1.0,0,0.0
710,938.0,1.0,2015-07-27,13135.0,1076.0,1.0,1.0,0,1.0
711,969.0,3.0,2015-06-10,3359.0,713.0,1.0,0.0,0,0.0
712,1095.0,7.0,2015-07-26,0.0,0.0,0.0,0.0,0,0.0
713,914.0,6.0,2015-06-27,5956.0,727.0,1.0,0.0,0,0.0
714,813.0,5.0,2015-06-12,5561.0,641.0,1.0,0.0,0,0.0
715,660.0,4.0,2015-07-02,5422.0,584.0,1.0,1.0,0,0.0
716,695.0,5.0,2015-06-26,4122.0,442.0,1.0,0.0,0,0.0
717,700.0,2.0,2015-07-28,7063.0,756.0,1.0,1.0,0,1.0
718,699.0,3.0,2015-07-22,6523.0,879.0,1.0,0.0,0,0.0
719,838.0,6.0,2015-07-18,6605.0,659.0,1.0,0.0,0,0.0
720,399.0,5.0,2015-06-26,5461.0,517.0,1.0,0.0,0,0.0
721,253.0,4.0,2015-06-25,4106.0,539.0,1.0,0.0,0,0.0
722,581.0,4.0,2015-07-30,5528.0,577.0,1.0,1.0,0,1.0
723,639.0,7.0,2015-06-21,0.0,0.0,0.0,0.0,0,0.0
724,323.0,6.0,2015-06-06,7293.0,632.0,1.0,0.0,0,0.0
725,592.0,5.0,2015-06-26,4129.0,516.0,1.0,0.0,0,0.0
726,741.0,2.0,2015-07-07,7226.0,903.0,1.0,0.0,0,0.0
727,934.0,2.0,2015-07-28,7232.0,682.0,1.0,1.0,0,1.0
728,468.0,4.0,2015-07-30,6831.0,674.0,1.0,1.0,0,1.0
729,862.0,4.0,2015-06-25,6951.0,879.0,1.0,0.0,0,0.0
730,1069.0,3.0,2015-06-03,7920.0,989.0,1.0,1.0,0,0.0
731,995.0,3.0,2015-06-17,9894.0,764.0,1.0,1.0,0,0.0
732,137.0,2.0,2015-06-30,12568.0,1229.0,1.0,1.0,0,0.0
733,954.0,6.0,2015-06-13,6115.0,826.0,1.0,0.0,0,0.0
734,617.0,7.0,2015-06-07,0.0,0.0,0.0,0.0,0,0.0
735,290.0,1.0,2015-06-22,6142.0,641.0,1.0,0.0,0,0.0
736,433.0,5.0,2015-06-12,5467.0,647.0,1.0,0.0,0,0.0
737,899.0,4.0,2015-07-02,5596.0,559.0,1.0,1.0,0,0.0
738,273.0,4.0,2015-07-16,8981.0,752.0,1.0,1.0,0,1.0
739,962.0,4.0,2015-07-02,6185.0,767.0,1.0,1.0,0,1.0
740,986.0,7.0,2015-06-21,0.0,0.0,0.0,0.0,0,0.0
741,943.0,6.0,2015-07-18,6139.0,528.0,1.0,0.0,0,0.0
742,279.0,1.0,2015-06-22,7239.0,621.0,1.0,0.0,0,0.0
743,778.0,3.0,2015-07-08,5270.0,732.0,1.0,0.0,0,0.0
744,984.0,5.0,2015-07-10,4899.0,628.0,1.0,0.0,0,1.0
745,896.0,4.0,2015-06-25,5058.0,810.0,1.0,0.0,0,0.0
746,775.0,7.0,2015-06-28,0.0,0.0,0.0,0.0,0,0.0
747,1047.0,5.0,2015-06-19,5259.0,517.0,1.0,1.0,0,0.0
748,1032.0,3.0,2015-07-08,8185.0,930.0,1.0,0.0,0,0.0
749,957.0,2.0,2015-06-23,6607.0,798.0,1.0,0.0,0,0.0
750,668.0,4.0,2015-07-23,7579.0,995.0,1.0,0.0,0,1.0
751,871.0,7.0,2015-06-21,0.0,0.0,0.0,0.0,0,0.0
752,814.0,1.0,2015-06-15,14515.0,1084.0,1.0,1.0,0,0.0
753,743.0,5.0,2015-07-10,3531.0,454.0,1.0,0.0,0,0.0
754,643.0,6.0,2015-06-13,5010.0,712.0,1.0,0.0,0,0.0
755,1047.0,6.0,2015-06-06,4313.0,421.0,1.0,0.0,0,0.0
756,576.0,2.0,2015-06-16,8779.0,1060.0,1.0,1.0,0,0.0
757,206.0,5.0,2015-07-10,6286.0,708.0,1.0,0.0,0,1.0
758,606.0,4.0,2015-07-16,6980.0,690.0,1.0,1.0,0,1.0
759,896.0,4.0,2015-07-09,5674.0,934.0,1.0,0.0,0,0.0
760,564.0,3.0,2015-06-10,5009.0,442.0,1.0,0.0,0,0.0
761,823.0,7.0,2015-06-07,0.0,0.0,0.0,0.0,0,0.0
762,437.0,1.0,2015-06-22,6098.0,674.0,1.0,0.0,0,0.0
763,734.0,2.0,2015-06-30,8218.0,643.0,1.0,1.0,0,1.0
764,642.0,7.0,2015-06-28,0.0,0.0,0.0,0.0,0,0.0
765,630.0,3.0,2015-07-29,6738.0,746.0,1.0,1.0,0,1.0
766,649.0,6.0,2015-06-13,1287.0,142.0,1.0,0.0,0,0.0
767,518.0,7.0,2015-06-21,0.0,0.0,0.0,0.0,0,0.0
768,265.0,5.0,2015-07-03,5856.0,584.0,1.0,1.0,0,0.0
769,864.0,6.0,2015-07-25,2492.0,374.0,1.0,0.0,0,0.0
770,778.0,2.0,2015-06-16,7292.0,844.0,1.0,1.0,0,0.0
771,851.0,7.0,2015-06-14,0.0,0.0,0.0,0.0,0,0.0
772,765.0,7.0,2015-07-05,0.0,0.0,0.0,0.0,0,0.0
773,394.0,1.0,2015-06-15,12449.0,887.0,1.0,1.0,0,0.0
774,282.0,6.0,2015-07-25,2185.0,282.0,1.0,0.0,0,0.0
775,477.0,2.0,2015-06-09,4563.0,354.0,1.0,0.0,0,0.0
776,672.0,1.0,2015-06-15,9746.0,1437.0,1.0,1.0,0,0.0
777,880.0,7.0,2015-07-19,0.0,0.0,0.0,0.0,0,0.0
778,908.0,4.0,2015-07-02,4087.0,348.0,1.0,1.0,0,0.0
779,679.0,6.0,2015-06-20,7305.0,893.0,1.0,0.0,0,0.0
780,385.0,1.0,2015-06-01,11367.0,888.0,1.0,1.0,0,1.0
781,71.0,4.0,2015-07-23,6955.0,607.0,1.0,0.0,0,1.0
782,1037.0,4.0,2015-07-23,5310.0,700.0,1.0,0.0,0,1.0
783,49.0,3.0,2015-07-22,5953.0,486.0,1.0,0.0,0,0.0
784,933.0,5.0,2015-06-26,5668.0,725.0,1.0,0.0,0,0.0
785,1069.0,5.0,2015-06-26,4585.0,662.0,1.0,0.0,0,0.0
786,1067.0,5.0,2015-06-19,6959.0,572.0,1.0,1.0,0,0.0
787,239.0,5.0,2015-07-31,7187.0,539.0,1.0,1.0,0,1.0
788,220.0,4.0,2015-07-23,4041.0,596.0,1.0,0.0,0,1.0
789,646.0,2.0,2015-06-30,6087.0,807.0,1.0,1.0,0,0.0
790,813.0,7.0,2015-06-28,0.0,0.0,0.0,0.0,0,0.0
791,859.0,2.0,2015-06-30,9263.0,775.0,1.0,1.0,0,0.0
792,968.0,5.0,2015-06-19,7765.0,912.0,1.0,1.0,0,0.0
793,884.0,3.0,2015-07-08,5215.0,528.0,1.0,0.0,0,0.0
794,1067.0,1.0,2015-07-27,9172.0,657.0,1.0,1.0,0,0.0
795,798.0,4.0,2015-07-30,7717.0,922.0,1.0,1.0,0,1.0
796,107.0,4.0,2015-07-02,9061.0,1038.0,1.0,1.0,0,0.0
797,439.0,4.0,2015-06-04,9788.0,962.0,1.0,1.0,0,0.0
798,781.0,7.0,2015-07-26,0.0,0.0,0.0,0.0,0,0.0
799,56.0,2.0,2015-06-09,6770.0,448.0,1.0,0.0,0,0.0
800,241.0,1.0,2015-07-20,6111.0,654.0,1.0,0.0,0,1.0
801,1009.0,6.0,2015-06-06,3903.0,329.0,1.0,0.0,0,0.0
802,321.0,4.0,2015-07-02,6897.0,591.0,1.0,1.0,0,0.0
803,1047.0,5.0,2015-06-05,4886.0,526.0,1.0,1.0,0,0.0
804,192.0,7.0,2015-07-26,0.0,0.0,0.0,0.0,0,0.0
805,1026.0,7.0,2015-07-12,0.0,0.0,0.0,0.0,0,0.0
806,849.0,6.0,2015-06-06,8661.0,888.0,1.0,0.0,0,0.0
807,842.0,4.0,2015-07-23,17400.0,1234.0,1.0,0.0,0,0.0
808,923.0,6.0,2015-06-20,4579.0,604.0,1.0,0.0,0,0.0
809,941.0,1.0,2015-06-29,9430.0,710.0,1.0,1.0,0,0.0
810,364.0,1.0,2015-07-13,7420.0,791.0,1.0,1.0,0,0.0
811,166.0,1.0,2015-06-29,10069.0,1086.0,1.0,1.0,0,1.0
812,519.0,3.0,2015-07-15,6498.0,556.0,1.0,1.0,0,0.0
813,797.0,3.0,2015-07-15,5269.0,432.0,1.0,1.0,0,0.0
814,762.0,7.0,2015-06-14,0.0,0.0,0.0,0.0,0,0.0
815,847.0,4.0,2015-06-18,6293.0,868.0,1.0,1.0,0,0.0
816,584.0,1.0,2015-06-01,6671.0,523.0,1.0,1.0,0,0.0
817,663.0,3.0,2015-07-01,5701.0,755.0,1.0,1.0,0,0.0
818,829.0,2.0,2015-07-14,8056.0,903.0,1.0,1.0,0,0.0
819,912.0,2.0,2015-06-02,6613.0,786.0,1.0,1.0,0,0.0
820,672.0,3.0,2015-07-29,9455.0,1263.0,1.0,1.0,0,1.0
821,726.0,4.0,2015-07-16,11947.0,1061.0,1.0,1.0,0,1.0
822,896.0,2.0,2015-06-23,5873.0,937.0,1.0,0.0,0,0.0
823,604.0,1.0,2015-07-13,8094.0,549.0,1.0,1.0,0,0.0
824,618.0,4.0,2015-06-11,6097.0,485.0,1.0,0.0,0,0.0
825,810.0,6.0,2015-06-06,5524.0,500.0,1.0,0.0,0,0.0
826,1023.0,3.0,2015-07-15,6547.0,587.0,1.0,1.0,0,1.0
827,2.0,2.0,2015-06-23,5084.0,657.0,1.0,0.0,0,0.0
828,102.0,2.0,2015-07-14,10155.0,1236.0,1.0,1.0,0,1.0
829,866.0,1.0,2015-07-20,5935.0,457.0,1.0,0.0,0,0.0
830,791.0,7.0,2015-06-07,0.0,0.0,0.0,0.0,0,0.0
831,967.0,3.0,2015-07-15,8388.0,777.0,1.0,1.0,0,1.0
832,484.0,3.0,2015-07-15,8062.0,643.0,1.0,1.0,0,0.0
833,749.0,7.0,2015-07-12,0.0,0.0,0.0,0.0,0,0.0
834,1090.0,1.0,2015-06-08,6961.0,810.0,1.0,0.0,0,0.0
835,763.0,5.0,2015-06-12,5665.0,560.0,1.0,0.0,0,0.0
836,176.0,1.0,2015-06-01,7669.0,748.0,1.0,1.0,0,0.0
837,10.0,3.0,2015-07-22,5148.0,592.0,1.0,0.0,0,0.0
838,217.0,2.0,2015-06-09,4268.0,657.0,1.0,0.0,0,0.0
839,390.0,3.0,2015-07-22,7938.0,787.0,1.0,0.0,0,1.0
840,928.0,5.0,2015-07-31,10562.0,749.0,1.0,1.0,0,1.0
841,705.0,4.0,2015-07-30,9092.0,937.0,1.0,1.0,0,1.0
842,197.0,5.0,2015-07-24,5882.0,661.0,1.0,0.0,0,1.0
843,834.0,7.0,2015-07-05,0.0,0.0,0.0,0.0,0,0.0
844,598.0,1.0,2015-06-08,6096.0,789.0,1.0,0.0,0,0.0
845,585.0,1.0,2015-06-22,3828.0,686.0,1.0,0.0,0,0.0
846,538.0,5.0,2015-07-10,3383.0,517.0,1.0,0.0,0,0.0
847,890.0,4.0,2015-07-02,5719.0,432.0,1.0,1.0,0,0.0
848,823.0,5.0,2015-07-17,7293.0,646.0,1.0,1.0,0,0.0
849,542.0,1.0,2015-06-01,8051.0,574.0,1.0,1.0,0,0.0
850,1060.0,6.0,2015-06-27,5765.0,748.0,1.0,0.0,0,0.0
851,121.0,3.0,2015-06-10,4108.0,431.0,1.0,0.0,0,0.0
852,399.0,4.0,2015-07-16,5861.0,523.0,1.0,1.0,0,0.0
853,597.0,7.0,2015-06-14,0.0,0.0,0.0,0.0,0,0.0
854,516.0,4.0,2015-07-09,4996.0,624.0,1.0,0.0,0,1.0
855,948.0,3.0,2015-07-01,9285.0,2779.0,1.0,1.0,0,0.0
856,883.0,5.0,2015-07-24,4122.0,459.0,1.0,0.0,0,1.0
857,831.0,7.0,2015-07-26,0.0,0.0,0.0,0.0,0,0.0
858,261.0,1.0,2015-07-27,21386.0,1164.0,1.0,1.0,0,1.0
859,857.0,7.0,2015-07-26,0.0,0.0,0.0,0.0,0,0.0
860,543.0,7.0,2015-06-28,0.0,0.0,0.0,0.0,0,0.0
861,973.0,2.0,2015-07-14,8045.0,918.0,1.0,1.0,0,1.0
862,1052.0,4.0,2015-06-25,6046.0,674.0,1.0,0.0,0,0.0
863,298.0,1.0,2015-06-29,12275.0,803.0,1.0,1.0,0,0.0
864,691.0,5.0,2015-07-03,8984.0,651.0,1.0,1.0,0,1.0
865,925.0,1.0,2015-07-06,7277.0,1243.0,1.0,0.0,0,0.0
866,738.0,3.0,2015-07-01,9984.0,668.0,1.0,1.0,0,1.0
867,1051.0,4.0,2015-07-02,7088.0,936.0,1.0,1.0,0,0.0
868,188.0,2.0,2015-07-14,7612.0,527.0,1.0,1.0,0,0.0
869,370.0,4.0,2015-06-11,6376.0,571.0,1.0,0.0,0,0.0
870,1071.0,7.0,2015-07-05,0.0,0.0,0.0,0.0,0,0.0
871,514.0,6.0,2015-07-18,4558.0,464.0,1.0,0.0,0,0.0
872,568.0,1.0,2015-07-13,7297.0,539.0,1.0,1.0,0,0.0
873,393.0,7.0,2015-06-21,0.0,0.0,0.0,0.0,0,0.0
874,1075.0,1.0,2015-07-06,12288.0,1167.0,1.0,0.0,0,0.0
875,14.0,4.0,2015-06-18,5862.0,666.0,1.0,1.0,0,0.0
876,843.0,7.0,2015-06-21,0.0,0.0,0.0,0.0,0,0.0
877,637.0,7.0,2015-07-12,0.0,0.0,0.0,0.0,0,0.0
878,813.0,7.0,2015-06-14,0.0,0.0,0.0,0.0,0,0.0
879,667.0,4.0,2015-07-02,9173.0,765.0,1.0,1.0,0,0.0
880,667.0,6.0,2015-07-18,7081.0,662.0,1.0,0.0,0,0.0
881,748.0,5.0,2015-07-10,5027.0,480.0,1.0,0.0,0,0.0
882,15.0,2.0,2015-06-02,9282.0,798.0,1.0,1.0,0,0.0
883,547.0,7.0,2015-06-07,0.0,0.0,0.0,0.0,0,0.0
884,712.0,7.0,2015-06-07,0.0,0.0,0.0,0.0,0,0.0
885,887.0,3.0,2015-07-08,5134.0,452.0,1.0,0.0,0,0.0
886,975.0,3.0,2015-06-10,6546.0,651.0,1.0,0.0,0,0.0
887,30.0,5.0,2015-07-31,4882.0,625.0,1.0,1.0,0,1.0
888,790.0,1.0,2015-06-29,10276.0,828.0,1.0,1.0,0,0.0
889,201.0,4.0,2015-06-18,6268.0,510.0,1.0,1.0,0,0.0
890,984.0,4.0,2015-07-09,4845.0,579.0,1.0,0.0,0,1.0
891,486.0,1.0,2015-06-22,3827.0,475.0,1.0,0.0,0,0.0
892,1047.0,6.0,2015-06-20,3457.0,351.0,1.0,0.0,0,0.0
893,916.0,3.0,2015-07-08,4749.0,673.0,1.0,0.0,0,1.0
894,782.0,2.0,2015-06-09,5517.0,469.0,1.0,0.0,0,0.0
895,140.0,6.0,2015-06-13,6165.0,846.0,1.0,0.0,0,0.0
896,226.0,1.0,2015-07-13,9698.0,843.0,1.0,1.0,0,0.0
897,1038.0,4.0,2015-06-11,5160.0,453.0,1.0,0.0,0,0.0
898,985.0,6.0,2015-06-27,8471.0,834.0,1.0,0.0,0,0.0
899,162.0,2.0,2015-07-07,5457.0,448.0,1.0,0.0,0,0.0
900,941.0,7.0,2015-06-14,0.0,0.0,0.0,0.0,0,0.0
901,478.0,5.0,2015-06-05,8573.0,757.0,1.0,1.0,0,0.0
902,673.0,4.0,2015-06-25,5047.0,488.0,1.0,0.0,0,0.0
903,888.0,3.0,2015-07-01,11348.0,942.0,1.0,1.0,0,1.0
904,992.0,4.0,2015-06-11,4836.0,618.0,1.0,0.0,0,0.0
905,902.0,2.0,2015-06-16,5023.0,509.0,1.0,1.0,0,0.0
906,1064.0,1.0,2015-07-27,11554.0,1130.0,1.0,1.0,0,1.0
907,731.0,1.0,2015-07-20,7640.0,745.0,1.0,0.0,0,1.0
908,761.0,6.0,2015-06-13,6259.0,748.0,1.0,0.0,0,0.0
909,992.0,7.0,2015-06-14,0.0,0.0,0.0,0.0,0,0.0
910,602.0,2.0,2015-06-23,4854.0,521.0,1.0,0.0,0,0.0
911,734.0,6.0,2015-06-20,3476.0,313.0,1.0,0.0,0,0.0
912,953.0,3.0,2015-07-29,5961.0,526.0,1.0,1.0,0,1.0
913,1040.0,5.0,2015-07-24,6253.0,616.0,1.0,0.0,0,1.0
914,956.0,3.0,2015-06-24,2495.0,383.0,1.0,0.0,0,0.0
915,825.0,3.0,2015-06-24,3582.0,456.0,1.0,0.0,0,0.0
916,871.0,6.0,2015-06-20,8286.0,626.0,1.0,0.0,0,0.0
917,866.0,4.0,2015-06-04,0.0,0.0,0.0,1.0,a,0.0
918,876.0,7.0,2015-07-19,0.0,0.0,0.0,0.0,0,0.0
919,144.0,2.0,2015-07-21,6449.0,639.0,1.0,0.0,0,1.0
920,875.0,7.0,2015-06-28,0.0,0.0,0.0,0.0,0,0.0
921,253.0,2.0,2015-07-21,4179.0,524.0,1.0,0.0,0,1.0
922,561.0,6.0,2015-06-13,5982.0,598.0,1.0,0.0,0,0.0
923,1063.0,7.0,2015-07-05,0.0,0.0,0.0,0.0,0,0.0
924,636.0,5.0,2015-07-24,5517.0,673.0,1.0,0.0,0,0.0
925,856.0,4.0,2015-06-25,6181.0,825.0,1.0,0.0,0,0.0
926,181.0,6.0,2015-06-20,3103.0,368.0,1.0,0.0,0,0.0
927,515.0,5.0,2015-07-31,12228.0,848.0,1.0,1.0,0,1.0
928,590.0,5.0,2015-07-03,5818.0,411.0,1.0,1.0,0,0.0
929,433.0,5.0,2015-06-05,6641.0,718.0,1.0,1.0,0,0.0
930,859.0,7.0,2015-06-07,0.0,0.0,0.0,0.0,0,0.0
931,579.0,3.0,2015-07-08,5618.0,691.0,1.0,0.0,0,1.0
932,222.0,4.0,2015-06-25,3904.0,466.0,1.0,0.0,0,0.0
933,1086.0,1.0,2015-07-20,5226.0,694.0,1.0,0.0,0,0.0
934,849.0,7.0,2015-06-07,0.0,0.0,0.0,0.0,0,0.0
935,279.0,1.0,2015-07-20,7227.0,587.0,1.0,0.0,0,0.0
936,757.0,7.0,2015-07-12,0.0,0.0,0.0,0.0,0,0.0
937,915.0,2.0,2015-07-14,7703.0,506.0,1.0,1.0,0,0.0
938,489.0,1.0,2015-07-27,13777.0,904.0,1.0,1.0,0,1.0
939,953.0,4.0,2015-07-09,5511.0,534.0,1.0,0.0,0,1.0
940,632.0,6.0,2015-06-13,7783.0,968.0,1.0,0.0,0,0.0
941,658.0,6.0,2015-07-11,3578.0,363.0,1.0,0.0,0,0.0
942,391.0,3.0,2015-06-10,5282.0,665.0,1.0,0.0,0,0.0
943,582.0,2.0,2015-07-28,8165.0,875.0,1.0,1.0,0,1.0
944,919.0,4.0,2015-07-23,4784.0,599.0,1.0,0.0,0,0.0
945,861.0,6.0,2015-06-06,3446.0,518.0,1.0,0.0,0,0.0
946,808.0,2.0,2015-07-28,8354.0,598.0,1.0,1.0,0,1.0
947,38.0,5.0,2015-07-31,8646.0,673.0,1.0,1.0,0,1.0
948,244.0,5.0,2015-07-10,4354.0,477.0,1.0,0.0,0,1.0
949,575.0,6.0,2015-07-18,2355.0,220.0,1.0,0.0,0,0.0
950,652.0,3.0,2015-07-29,8686.0,813.0,1.0,1.0,0,1.0
951,196.0,5.0,2015-06-12,4166.0,636.0,1.0,0.0,0,0.0
952,1055.0,3.0,2015-06-24,5570.0,832.0,1.0,0.0,0,0.0
953,589.0,7.0,2015-06-07,0.0,0.0,0.0,0.0,0,0.0
954,799.0,2.0,2015-07-28,9178.0,838.0,1.0,1.0,0,1.0
955,1007.0,6.0,2015-06-27,7870.0,932.0,1.0,0.0,0,0.0
956,1032.0,6.0,2015-06-20,5031.0,500.0,1.0,0.0,0,0.0
957,637.0,1.0,2015-06-22,7497.0,682.0,1.0,0.0,0,0.0
958,586.0,4.0,2015-07-02,14405.0,2115.0,1.0,1.0,0,1.0
959,731.0,7.0,2015-07-19,0.0,0.0,0.0,0.0,0,0.0
960,1028.0,2.0,2015-07-21,4064.0,442.0,1.0,0.0,0,1.0
961,525.0,6.0,2015-07-04,8974.0,732.0,1.0,0.0,0,0.0
962,89.0,1.0,2015-07-20,6401.0,683.0,1.0,0.0,0,0.0
963,460.0,2.0,2015-07-28,5347.0,447.0,1.0,1.0,0,1.0
964,743.0,7.0,2015-07-19,0.0,0.0,0.0,0.0,0,0.0
965,961.0,1.0,2015-06-29,9495.0,831.0,1.0,1.0,0,0.0
966,968.0,6.0,2015-07-25,5085.0,632.0,1.0,0.0,0,0.0
967,611.0,6.0,2015-07-04,4883.0,418.0,1.0,0.0,0,0.0
968,732.0,1.0,2015-06-15,8520.0,919.0,1.0,1.0,0,0.0
969,774.0,2.0,2015-07-14,6366.0,742.0,1.0,1.0,0,0.0
970,36.0,1.0,2015-06-29,11082.0,1169.0,1.0,1.0,0,0.0
971,853.0,4.0,2015-07-02,11198.0,1211.0,1.0,1.0,0,0.0
972,805.0,7.0,2015-07-05,0.0,0.0,0.0,0.0,0,0.0
973,849.0,1.0,2015-06-22,6247.0,675.0,1.0,0.0,0,0.0
974,541.0,1.0,2015-06-22,5196.0,717.0,1.0,0.0,0,0.0
975,1041.0,7.0,2015-07-19,0.0,0.0,0.0,0.0,0,0.0
976,1085.0,4.0,2015-07-02,8192.0,786.0,1.0,1.0,0,0.0
977,546.0,1.0,2015-06-15,19115.0,2008.0,1.0,1.0,0,0.0
978,689.0,3.0,2015-07-22,5672.0,614.0,1.0,0.0,0,1.0
979,917.0,4.0,2015-06-11,6078.0,673.0,1.0,0.0,0,0.0
980,635.0,7.0,2015-06-21,0.0,0.0,0.0,0.0,0,0.0
981,868.0,1.0,2015-06-08,8382.0,605.0,1.0,0.0,0,0.0
982,605.0,1.0,2015-06-22,6339.0,509.0,1.0,0.0,0,0.0
983,947.0,5.0,2015-07-24,5981.0,909.0,1.0,0.0,0,0.0
984,875.0,7.0,2015-06-21,0.0,0.0,0.0,0.0,0,0.0
985,654.0,3.0,2015-06-24,5376.0,662.0,1.0,0.0,0,0.0
986,549.0,5.0,2015-07-31,5651.0,589.0,1.0,1.0,0,1.0
987,36.0,2.0,2015-06-30,11703.0,1295.0,1.0,1.0,0,0.0
988,605.0,7.0,2015-06-07,0.0,0.0,0.0,0.0,0,0.0
989,767.0,5.0,2015-06-12,5108.0,630.0,1.0,0.0,0,0.0
990,772.0,6.0,2015-06-06,3298.0,438.0,1.0,0.0,0,0.0
991,829.0,2.0,2015-06-02,7339.0,901.0,1.0,1.0,0,0.0
992,597.0,5.0,2015-06-19,5228.0,751.0,1.0,1.0,0,0.0
993,445.0,1.0,2015-07-06,9279.0,1444.0,1.0,0.0,0,1.0
994,704.0,7.0,2015-07-12,0.0,0.0,0.0,0.0,0,0.0
995,498.0,2.0,2015-06-09,7303.0,909.0,1.0,0.0,0,0.0
996,730.0,6.0,2015-06-13,6822.0,661.0,1.0,0.0,0,0.0
997,787.0,7.0,2015-06-14,0.0,0.0,0.0,0.0,0,0.0
998,1021.0,7.0,2015-06-28,0.0,0.0,0.0,0.0,0,0.0
999,347.0,2.0,2015-07-28,5044.0,393.0,1.0,1.0,0,0.0
