,Store,StoreType,Assortment,CompetitionDistance,CompetitionOpenSinceMonth,CompetitionOpenSinceYear,Promo2,Promo2SinceWeek,Promo2SinceYear,PromoInterval
0,93.0,d,c,16690.0,,,1.0,35.0,2010.0,Jan
1,252.0,a,c,22390.0,,,1.0,5.0,2010.0,Feb
2,305.0,c,c,2410.0,4.0,2005.0,1.0,1.0,2012.0,Jan
3,408.0,a,c,2590.0,,,1.0,45.0,2009.0,Feb
4,92.0,c,a,2910.0,,,1.0,45.0,2009.0,Feb
5,5300.0,a,a,2100.0,8.0,2005.0,1.0,31.0,2013.0,Jan
6,526.0,a,c,120.0,,,1.0,48.0,2011.0,Mar
7,946.0,c,a,18760.0,4.0,2015.0,1.0,14.0,2011.0,Jan
8,735.0,d,c,850.0,4.0,2005.0,1.0,31.0,2013.0,Feb
9,1048.0,d,a,2340.0,5.0,2012.0,1.0,40.0,2012.0,Mar
10,891.0,a,c,350.0,,,1.0,31.0,2009.0,Feb
11,753.0,d,c,530.0,4.0,2005.0,1.0,35.0,2011.0,Mar
12,1099.0,a,a,200.0,3.0,2014.0,1.0,14.0,2011.0,Jan
13,1049.0,c,a,370.0,7.0,2012.0,1.0,14.0,2013.0,Jan
14,697.0,d,a,8080.0,7.0,1998.0,1.0,1.0,2012.0,Jan
15,1090.0,a,a,850.0,,,1.0,14.0,2011.0,Jan
16,483.0,d,c,70.0,9.0,2012.0,1.0,1.0,2012.0,Jan
17,351.0,a,a,110.0,11.0,2012.0,1.0,31.0,2013.0,Jan
18,99.0,d,c,3200.0,11.0,2008.0,1.0,22.0,2012.0,Feb
19,421.0,c,a,3570.0,2.0,2012.0,1.0,35.0,2012.0,Mar
20,838.0,d,c,2890.0,,,1.0,35.0,2011.0,Mar
21,20.0,d,a,2340.0,3.0,2008.0,1.0,40.0,2014.0,Jan
22,39.0,a,a,260.0,9.0,2011.0,1.0,31.0,2013.0,Feb
23,802.0,a,a,910.0,10.0,2014.0,1.0,45.0,2014.0,Feb
24,537.0,a,a,600.0,7.0,2002.0,1.0,1.0,2012.0,Jan
25,805.0,a,c,2710.0,,,1.0,10.0,2014.0,Mar
26,832.0,a,a,5070.0,,,1.0,45.0,2009.0,Feb
27,190.0,a,a,1700.0,3.0,2009.0,1.0,40.0,2014.0,Jan
28,555.0,d,a,1560.0,1.0,2014.0,1.0,5.0,2013.0,Feb
29,769.0,a,a,1680.0,,,1.0,45.0,2009.0,Feb
30,954.0,a,a,390.0,2.0,2013.0,1.0,10.0,2014.0,Jan
31,710.0,d,a,1200.0,8.0,2009.0,1.0,40.0,2011.0,Jan
32,288.0,d,a,800.0,,,1.0,14.0,2011.0,Jan
33,1062.0,a,a,370.0,7.0,2011.0,1.0,5.0,2013.0,Feb
34,969.0,a,a,1060.0,10.0,2012.0,1.0,14.0,2011.0,Feb
35,283.0,a,a,1290.0,,,1.0,40.0,2014.0,Jan
36,752.0,d,a,970.0,,,1.0,9.0,2011.0,Mar
37,650.0,a,a,1420.0,4.0,2013.0,1.0,40.0,2014.0,Jan
38,190.0,a,a,2090.0,9.0,2006.0,1.0,40.0,2014.0,Jan
39,178.0,a,a,1710.0,,,1.0,14.0,2011.0,Jan
40,852.0,d,a,940.0,12.0,2006.0,1.0,14.0,2011.0,Jan
41,719.0,d,c,2410.0,,,1.0,27.0,2011.0,Jan
42,607.0,c,a,340.0,4.0,2007.0,1.0,10.0,2013.0,Jan
43,1096.0,d,c,9630.0,,,1.0,14.0,2011.0,Jan
44,325.0,d,c,3920.0,4.0,2010.0,1.0,18.0,2014.0,Feb
45,547.0,d,c,8990.0,,,1.0,35.0,2010.0,Mar
46,539.0,c,a,770.0,5.0,2015.0,1.0,1.0,2012.0,Jan
47,216.0,c,a,190.0,,,1.0,45.0,2009.0,Feb
48,398.0,a,a,17650.0,4.0,2008.0,1.0,1.0,2012.0,Jan
49,302.0,a,c,3510.0,11.0,2002.0,1.0,36.0,2013.0,Mar
50,754.0,a,a,560.0,5.0,2014.0,1.0,10.0,2014.0,Mar
51,1056.0,a,c,5350.0,,,1.0,31.0,2013.0,Feb
52,713.0,a,a,2230.0,3.0,2011.0,1.0,40.0,2014.0,Jan
53,1077.0,a,a,3750.0,,,1.0,45.0,2009.0,Feb
54,931.0,a,c,40.0,3.0,2015.0,1.0,10.0,2014.0,Mar
55,949.0,a,c,1640.0,,,1.0,14.0,2011.0,Jan
56,762.0,d,a,1280.0,,,1.0,10.0,2013.0,Mar
57,719.0,d,a,8190.0,,,1.0,45.0,2014.0,Feb
58,494.0,d,c,11120.0,,,1.0,22.0,2012.0,Mar
59,1084.0,d,a,8050.0,,,1.0,40.0,2012.0,Jan
60,993.0,a,a,150.0,10.0,2011.0,1.0,40.0,2014.0,Jan
61,697.0,a,a,1200.0,9.0,2008.0,1.0,14.0,2011.0,Jan
62,66.0,a,a,220.0,,,1.0,37.0,2009.0,Jan
63,59.0,a,c,2840.0,1.0,2008.0,1.0,27.0,2012.0,Jan
64,365.0,c,c,900.0,,,1.0,45.0,2009.0,Feb
65,2.0,a,a,570.0,11.0,2012.0,1.0,14.0,2011.0,Jan
66,1065.0,a,c,1290.0,,,1.0,35.0,2011.0,Mar
67,857.0,a,c,110.0,11.0,2012.0,1.0,31.0,2013.0,Feb
68,21.0,c,c,550.0,6.0,2011.0,1.0,1.0,2012.0,Jan
69,587.0,a,a,210.0,11.0,1999.0,1.0,31.0,2013.0,Feb
70,223.0,d,c,2920.0,,,1.0,31.0,2011.0,Feb
71,949.0,a,a,8300.0,2.0,2012.0,1.0,10.0,2014.0,Mar
72,861.0,d,c,710.0,,,1.0,1.0,2013.0,Mar
73,697.0,a,c,2810.0,,,1.0,10.0,2013.0,Jan
74,844.0,a,a,2030.0,9.0,2012.0,1.0,18.0,2011.0,Feb
75,605.0,d,a,2410.0,,,1.0,14.0,2011.0,Jan
76,914.0,a,a,1600.0,3.0,2006.0,1.0,40.0,2014.0,Jan
77,677.0,d,a,1740.0,6.0,2014.0,1.0,45.0,2009.0,Feb
78,1084.0,a,a,110.0,,,1.0,36.0,2013.0,Jan
79,479.0,a,a,1420.0,,,1.0,40.0,2013.0,Jan
80,69.0,c,a,1130.0,,,1.0,40.0,2011.0,Jan
81,567.0,a,c,1560.0,9.0,2011.0,1.0,18.0,2013.0,Feb
82,414.0,a,c,6360.0,,,1.0,1.0,2013.0,Jan
83,776.0,a,c,830.0,,,1.0,45.0,2009.0,Feb
84,537.0,a,a,600.0,12.0,2002.0,1.0,10.0,2014.0,Jan
85,72.0,a,a,2200.0,12.0,2008.0,1.0,27.0,2012.0,Jan
86,1003.0,a,a,170.0,7.0,2013.0,1.0,31.0,2013.0,Jan
87,852.0,d,a,2380.0,10.0,2004.0,1.0,40.0,2014.0,Jan
88,323.0,d,c,8400.0,3.0,2010.0,1.0,1.0,2014.0,Mar
89,71.0,a,a,1740.0,8.0,2015.0,1.0,13.0,2010.0,Jan
90,506.0,a,c,1850.0,9.0,2014.0,1.0,5.0,2013.0,Feb
91,7.0,a,c,15320.0,,,1.0,14.0,2011.0,Jan
92,590.0,a,a,5020.0,10.0,2014.0,1.0,18.0,2014.0,Feb
93,310.0,a,c,2290.0,,,1.0,10.0,2014.0,Mar
94,1068.0,a,a,1070.0,,,1.0,5.0,2013.0,Jan
95,536.0,a,a,80.0,12.0,2002.0,1.0,40.0,2014.0,Jan
96,404.0,d,c,1420.0,,,1.0,10.0,2013.0,Jan
97,673.0,d,c,170.0,3.0,2012.0,1.0,36.0,2013.0,Mar
98,598.0,a,a,290.0,2.0,2008.0,1.0,40.0,2014.0,Jan
99,384.0,a,c,50.0,,,1.0,18.0,2011.0,Feb
100,1054.0,d,a,13140.0,12.0,2006.0,1.0,14.0,2011.0,Jan
101,516.0,c,a,210.0,,,1.0,35.0,2012.0,Mar
102,1003.0,d,c,5010.0,7.0,2014.0,1.0,10.0,2013.0,Jan
103,744.0,a,c,2310.0,9.0,2011.0,1.0,14.0,2011.0,Jan
104,479.0,a,a,1200.0,12.0,2006.0,1.0,36.0,2013.0,Jan
105,813.0,a,a,240.0,,,1.0,45.0,2009.0,Feb
106,601.0,d,c,2140.0,7.0,2014.0,1.0,40.0,2011.0,Jan
107,1042.0,a,a,3440.0,,,1.0,31.0,2013.0,Feb
108,164.0,a,c,1130.0,12.0,2011.0,1.0,9.0,2010.0,Jan
109,997.0,d,c,5710.0,8.0,2011.0,1.0,37.0,2009.0,Jan
110,1054.0,a,a,1300.0,7.0,2014.0,1.0,13.0,2010.0,Jan
111,717.0,d,a,310.0,,,1.0,14.0,2011.0,Jan
112,636.0,c,a,720.0,10.0,2014.0,1.0,13.0,2010.0,Jan
113,969.0,a,a,650.0,11.0,2013.0,1.0,40.0,2014.0,Jan
114,515.0,a,a,960.0,12.0,2012.0,1.0,14.0,2011.0,Jan
115,284.0,d,a,1290.0,,,1.0,40.0,2014.0,Jan
116,969.0,a,c,2220.0,3.0,2011.0,1.0,40.0,2014.0,Jan
117,855.0,a,a,3440.0,,,1.0,45.0,2009.0,Feb
118,645.0,d,a,1200.0,3.0,2006.0,1.0,14.0,2011.0,Jan
119,591.0,a,c,2230.0,,,1.0,22.0,2012.0,Mar
120,1083.0,d,c,1650.0,,,1.0,10.0,2013.0,Mar
121,974.0,a,a,13020.0,12.0,2013.0,1.0,40.0,2013.0,Jan
122,427.0,a,c,6900.0,4.0,2005.0,1.0,40.0,2012.0,Jan
123,848.0,d,c,6360.0,,,1.0,40.0,2011.0,Jan
124,893.0,a,a,130.0,,,1.0,40.0,2011.0,Jan
125,645.0,d,c,8880.0,,,1.0,37.0,2009.0,Jan
126,352.0,d,c,6360.0,,,1.0,40.0,2012.0,Jan
127,216.0,a,a,190.0,,,1.0,45.0,2009.0,Feb
128,283.0,a,a,2260.0,,,1.0,40.0,2014.0,Jan
129,748.0,d,c,6970.0,11.0,2003.0,1.0,14.0,2011.0,Jan
130,657.0,d,c,9230.0,,,1.0,37.0,2009.0,Jan
131,471.0,d,c,9790.0,,,1.0,31.0,2009.0,Feb
132,617.0,d,a,8940.0,,,1.0,37.0,2009.0,Jan
133,534.0,c,c,550.0,7.0,2013.0,1.0,45.0,2009.0,Feb
134,20.0,d,a,2380.0,3.0,2010.0,1.0,40.0,2014.0,Jan
135,156.0,a,a,2030.0,10.0,2000.0,1.0,18.0,2011.0,Feb
136,778.0,d,a,710.0,9.0,2012.0,1.0,14.0,2011.0,Jan
137,498.0,d,c,450.0,,,1.0,40.0,2012.0,Jan
138,650.0,a,c,1130.0,3.0,2012.0,1.0,40.0,2014.0,Jan
139,681.0,a,a,3590.0,11.0,2008.0,1.0,22.0,2012.0,Mar
140,449.0,a,c,340.0,7.0,2012.0,1.0,31.0,2013.0,Jan
141,24.0,a,c,4590.0,4.0,2011.0,1.0,40.0,2013.0,Jan
142,637.0,d,a,710.0,,,1.0,45.0,2009.0,Feb
143,597.0,a,a,700.0,12.0,2013.0,1.0,14.0,2011.0,Jan
144,287.0,a,a,2340.0,5.0,2013.0,1.0,40.0,2014.0,Jan
145,521.0,a,a,24770.0,11.0,2008.0,1.0,5.0,2010.0,Feb
146,924.0,a,c,6560.0,,,1.0,14.0,2011.0,Jan
147,723.0,d,a,6360.0,9.0,2005.0,1.0,31.0,2013.0,Feb
148,196.0,a,c,130.0,,,1.0,9.0,2011.0,Mar
149,350.0,a,c,8880.0,4.0,2007.0,1.0,1.0,2012.0,Jan
150,924.0,a,a,150.0,3.0,2006.0,1.0,31.0,2013.0,Feb
151,1023.0,c,a,3740.0,2.0,2003.0,1.0,14.0,2011.0,Jan
152,1077.0,a,a,3700.0,3.0,2010.0,1.0,35.0,2010.0,Feb
153,734.0,a,c,26490.0,,,1.0,36.0,2013.0,Mar
154,852.0,a,a,100.0,,,1.0,18.0,2014.0,Feb
155,946.0,c,a,7860.0,5.0,2009.0,1.0,13.0,2010.0,Jan
156,969.0,d,c,1040.0,,,1.0,31.0,2013.0,Jan
157,890.0,a,a,4450.0,12.0,2007.0,1.0,14.0,2011.0,Jan
158,126.0,a,a,1090.0,7.0,2006.0,1.0,14.0,2011.0,Jan
159,1066.0,d,c,5350.0,,,1.0,40.0,2012.0,Mar
160,693.0,d,c,2840.0,7.0,2008.0,1.0,27.0,2012.0,Jan
161,326.0,d,a,10070.0,5.0,2015.0,1.0,31.0,2013.0,Jan
162,737.0,d,c,100.0,10.0,2013.0,1.0,31.0,2013.0,Jan
163,926.0,c,a,5150.0,3.0,2011.0,1.0,14.0,2011.0,Jan
164,247.0,d,c,70.0,9.0,2010.0,1.0,31.0,2013.0,Jan
165,778.0,d,a,670.0,3.0,2013.0,1.0,10.0,2014.0,Jan
166,1058.0,a,a,440.0,,,1.0,1.0,2013.0,Jan
167,519.0,a,a,2060.0,9.0,2009.0,1.0,13.0,2010.0,Jan
168,308.0,a,a,1070.0,11.0,2006.0,1.0,13.0,2010.0,Jan
169,492.0,d,c,17340.0,3.0,2013.0,1.0,14.0,2012.0,Jan
170,440.0,c,a,8240.0,2.0,2005.0,1.0,45.0,2009.0,Feb
171,864.0,c,c,2290.0,,,1.0,45.0,2009.0,Feb
172,284.0,a,a,1290.0,,,1.0,40.0,2014.0,Jan
173,1026.0,a,c,450.0,,,1.0,48.0,2011.0,Jan
174,39.0,a,a,270.0,11.0,2013.0,1.0,5.0,2013.0,Feb
175,974.0,a,a,620.0,4.0,2014.0,1.0,40.0,2014.0,Jan
176,712.0,d,c,3270.0,,,1.0,22.0,2012.0,Jan
177,406.0,a,c,8240.0,11.0,2001.0,1.0,10.0,2013.0,Mar
178,953.0,c,a,810.0,,,1.0,1.0,2011.0,Jan
179,691.0,d,a,2840.0,,,1.0,37.0,2009.0,Jan
180,795.0,d,c,510.0,,,1.0,31.0,2013.0,Jan
181,271.0,a,a,420.0,,,1.0,14.0,2011.0,Jan
182,637.0,d,c,9790.0,6.0,2010.0,1.0,18.0,2010.0,Feb
183,771.0,d,c,370.0,7.0,2007.0,1.0,14.0,2011.0,Jan
184,1060.0,a,c,3440.0,,,1.0,31.0,2013.0,Feb
185,888.0,d,c,17110.0,3.0,2013.0,1.0,37.0,2009.0,Jan
186,805.0,a,a,230.0,10.0,2014.0,1.0,18.0,2014.0,Feb
187,86.0,a,a,8780.0,2.0,2005.0,1.0,37.0,2009.0,Jan
188,858.0,d,a,520.0,3.0,2009.0,1.0,14.0,2011.0,Jan
189,434.0,d,c,5440.0,,,1.0,40.0,2012.0,Jan
190,479.0,a,a,320.0,,,1.0,5.0,2013.0,Feb
191,848.0,a,a,15140.0,12.0,2014.0,1.0,37.0,2009.0,Jan
192,920.0,a,a,850.0,11.0,2013.0,1.0,40.0,2014.0,Jan
193,997.0,d,a,520.0,,,1.0,13.0,2010.0,Jan
194,893.0,a,c,130.0,,,1.0,1.0,2013.0,Jan
195,671.0,d,a,11670.0,4.0,2005.0,1.0,13.0,2010.0,Jan
196,276.0,a,a,2960.0,3.0,2010.0,1.0,31.0,2013.0,Jan
197,72.0,a,a,1350.0,9.0,2012.0,1.0,14.0,2011.0,Jan
198,166.0,a,a,3110.0,4.0,2005.0,1.0,31.0,2013.0,Jan
199,846.0,d,a,2740.0,6.0,2005.0,1.0,35.0,2012.0,Mar
200,81.0,a,a,2310.0,3.0,2011.0,1.0,40.0,2014.0,Jan
201,710.0,d,c,3430.0,,,1.0,5.0,2013.0,Feb
202,701.0,a,a,1450.0,3.0,2012.0,1.0,14.0,2011.0,Jan
203,243.0,a,a,310.0,,,1.0,5.0,2013.0,Feb
204,506.0,a,c,1850.0,,,1.0,5.0,2013.0,Feb
205,397.0,a,a,260.0,4.0,2011.0,1.0,14.0,2013.0,Jan
206,93.0,a,a,16690.0,,,1.0,14.0,2011.0,Jan
207,601.0,d,a,8220.0,4.0,2014.0,1.0,40.0,2011.0,Jan
208,58.0,d,a,7340.0,1.0,2008.0,1.0,27.0,2012.0,Jan
209,1095.0,a,a,690.0,,,1.0,31.0,2013.0,Jan
210,631.0,d,c,2870.0,,,1.0,35.0,2012.0,Mar
211,832.0,d,a,5070.0,,,1.0,45.0,2009.0,Feb
212,1079.0,d,c,11540.0,,,1.0,5.0,2013.0,Feb
213,752.0,d,a,970.0,3.0,2015.0,1.0,31.0,2013.0,Feb
214,658.0,a,c,100.0,,,1.0,31.0,2013.0,Feb
215,1099.0,a,a,200.0,12.0,2013.0,1.0,14.0,2013.0,Jan
216,914.0,a,c,13090.0,,,1.0,1.0,2013.0,Jan
217,137.0,a,c,2290.0,7.0,2012.0,1.0,1.0,2012.0,Jan
218,719.0,d,a,2380.0,7.0,2008.0,1.0,40.0,2014.0,Jan
219,540.0,a,c,300.0,3.0,2012.0,1.0,40.0,2014.0,Jan
220,890.0,d,a,4450.0,,,1.0,14.0,2011.0,Jan
221,619.0,d,a,1600.0,6.0,2014.0,1.0,45.0,2009.0,Feb
222,832.0,a,c,350.0,,,1.0,31.0,2013.0,Feb
223,1076.0,a,a,90.0,,,1.0,1.0,2012.0,Jan
224,899.0,d,a,1710.0,,,1.0,14.0,2012.0,Jan
225,409.0,d,a,840.0,,,1.0,14.0,2011.0,Mar
226,754.0,a,a,340.0,3.0,2011.0,1.0,40.0,2014.0,Jan
227,852.0,c,c,940.0,4.0,2004.0,1.0,40.0,2014.0,Jan
228,232.0,c,c,13570.0,4.0,2008.0,1.0,10.0,2014.0,Mar
229,519.0,a,c,710.0,,,1.0,22.0,2012.0,Jan
230,86.0,a,a,480.0,2.0,2005.0,1.0,31.0,2013.0,Jan
231,274.0,a,c,3640.0,,,1.0,14.0,2013.0,Jan
232,855.0,a,a,3440.0,,,1.0,45.0,2009.0,Feb
233,345.0,a,c,40.0,,,1.0,22.0,2012.0,Jan
234,1108.0,d,a,540.0,3.0,2012.0,1.0,1.0,2012.0,Jan
235,971.0,a,a,570.0,11.0,2006.0,1.0,14.0,2011.0,Feb
236,516.0,a,c,3040.0,,,1.0,10.0,2014.0,Mar
237,848.0,c,c,3490.0,,,1.0,1.0,2013.0,Jan
238,638.0,d,c,2290.0,,,1.0,31.0,2013.0,Jan
239,752.0,a,a,970.0,11.0,2012.0,1.0,31.0,2013.0,Feb
240,951.0,d,c,710.0,,,1.0,40.0,2012.0,Jan
241,765.0,d,c,15340.0,,,1.0,37.0,2009.0,Jan
242,678.0,d,c,8080.0,,,1.0,1.0,2013.0,Jan
243,621.0,a,a,5070.0,7.0,1990.0,1.0,31.0,2013.0,Feb
244,838.0,d,a,6890.0,,,1.0,48.0,2011.0,Mar
245,848.0,c,a,5070.0,,,1.0,45.0,2009.0,Feb
246,518.0,d,c,3590.0,,,1.0,22.0,2012.0,Mar
247,862.0,a,a,2840.0,3.0,2011.0,1.0,14.0,2011.0,Jan
248,728.0,a,a,310.0,2.0,2013.0,1.0,40.0,2014.0,Jan
249,611.0,d,c,8050.0,8.0,2005.0,1.0,48.0,2014.0,Jan
250,666.0,d,c,4360.0,,,1.0,40.0,2012.0,Jan
251,802.0,a,c,910.0,,,1.0,22.0,2011.0,Jan
252,447.0,a,a,3720.0,,,1.0,37.0,2009.0,Jan
253,1080.0,a,c,2230.0,,,1.0,40.0,2014.0,Jan
254,695.0,d,a,1180.0,9.0,2013.0,1.0,13.0,2010.0,Jan
255,516.0,a,c,20.0,,,1.0,35.0,2012.0,Mar
256,971.0,d,a,6540.0,4.0,2007.0,1.0,14.0,2011.0,Jan
257,1026.0,d,c,900.0,,,1.0,48.0,2011.0,Mar
258,43.0,a,c,6880.0,,,1.0,14.0,2011.0,Jan
259,1056.0,a,a,5350.0,,,1.0,40.0,2011.0,Jan
260,11.0,d,c,960.0,11.0,2009.0,1.0,1.0,2012.0,Jan
261,863.0,d,c,11540.0,,,1.0,5.0,2013.0,Feb
262,1004.0,d,c,970.0,,,1.0,9.0,2011.0,Feb
263,887.0,a,a,2070.0,,,1.0,45.0,2009.0,Feb
264,1094.0,d,a,2380.0,5.0,2013.0,1.0,40.0,2014.0,Jan
265,864.0,a,a,1020.0,10.0,2012.0,1.0,45.0,2009.0,Feb
266,1080.0,a,a,2410.0,,,1.0,31.0,2009.0,Jan
267,384.0,d,a,130.0,,,1.0,14.0,2011.0,Jan
268,616.0,c,c,8080.0,,,1.0,14.0,2011.0,Jan
269,797.0,c,c,550.0,11.0,1999.0,1.0,10.0,2014.0,Jan
270,597.0,a,a,150.0,9.0,2008.0,1.0,1.0,2012.0,Jan
271,692.0,a,a,1590.0,,,1.0,37.0,2009.0,Jan
272,216.0,a,c,1560.0,,,1.0,45.0,2009.0,Feb
273,858.0,a,c,3370.0,12.0,2012.0,1.0,40.0,2014.0,Jan
274,954.0,a,a,1370.0,3.0,2011.0,1.0,14.0,2011.0,Jan
275,1083.0,d,a,11540.0,,,1.0,5.0,2013.0,Feb
276,338.0,a,a,1560.0,,,1.0,45.0,2009.0,Feb
277,818.0,d,c,2100.0,,,1.0,1.0,2013.0,Jan
278,1060.0,a,a,3430.0,,,1.0,31.0,2013.0,Feb
279,41.0,d,c,1180.0,,,1.0,13.0,2010.0,Jan
280,1051.0,a,a,17500.0,7.0,2012.0,1.0,22.0,2012.0,Mar
281,1106.0,a,a,630.0,4.0,2013.0,1.0,31.0,2013.0,Feb
282,39.0,a,a,460.0,4.0,2005.0,1.0,31.0,2013.0,Feb
283,490.0,a,a,660.0,4.0,2013.0,1.0,40.0,2011.0,Jan
284,832.0,d,c,38630.0,,,1.0,45.0,2009.0,Feb
285,846.0,c,a,450.0,4.0,2011.0,1.0,10.0,2014.0,Mar
286,785.0,d,c,970.0,7.0,2005.0,1.0,31.0,2013.0,Mar
287,633.0,a,c,2710.0,,,1.0,22.0,2012.0,Mar
288,12.0,a,a,1070.0,,,1.0,13.0,2010.0,Jan
289,671.0,a,a,520.0,,,1.0,13.0,2010.0,Jan
290,190.0,a,a,1470.0,12.0,2006.0,1.0,40.0,2014.0,Jan
291,93.0,a,a,16690.0,,,1.0,14.0,2011.0,Jan
292,875.0,a,a,490.0,11.0,2007.0,1.0,13.0,2010.0,Jan
293,275.0,a,a,4520.0,,,1.0,40.0,2014.0,Jan
294,753.0,a,a,1190.0,11.0,2012.0,1.0,36.0,2013.0,Mar
295,865.0,d,c,17650.0,,,1.0,14.0,2011.0,Jan
296,697.0,c,a,550.0,12.0,2014.0,1.0,40.0,2011.0,Jan
297,956.0,a,a,1020.0,2.0,2010.0,1.0,31.0,2013.0,Jan
298,1040.0,a,a,1300.0,2.0,2014.0,1.0,40.0,2014.0,Jan
299,805.0,a,c,24770.0,10.0,2011.0,1.0,10.0,2014.0,Mar
300,245.0,a,c,1310.0,,,1.0,22.0,2013.0,Mar
301,776.0,c,a,700.0,7.0,2004.0,1.0,10.0,2014.0,Jan
302,505.0,a,a,350.0,,,1.0,5.0,2013.0,Feb
303,1071.0,c,a,200.0,5.0,2008.0,1.0,1.0,2012.0,Jan
304,684.0,a,a,2260.0,,,1.0,14.0,2011.0,Jan
305,1090.0,d,a,330.0,,,1.0,14.0,2011.0,Jan
306,181.0,a,a,12610.0,4.0,2013.0,1.0,14.0,2011.0,Jan
307,170.0,a,a,12610.0,2.0,2002.0,1.0,14.0,2011.0,Jan
308,1056.0,d,c,2330.0,,,1.0,35.0,2010.0,Mar
309,213.0,c,a,4030.0,3.0,2013.0,1.0,1.0,2014.0,Jan
310,165.0,a,a,3750.0,4.0,2005.0,1.0,18.0,2010.0,Feb
311,1.0,a,a,2620.0,6.0,2005.0,1.0,45.0,2009.0,Feb
312,675.0,a,a,2100.0,8.0,2013.0,1.0,14.0,2011.0,Jan
313,254.0,c,c,33090.0,3.0,2010.0,1.0,14.0,2012.0,Jan
314,33.0,d,a,330.0,,,1.0,45.0,2009.0,Feb
315,862.0,c,a,2840.0,8.0,2001.0,1.0,14.0,2011.0,Jan
316,701.0,d,a,1450.0,2.0,2012.0,1.0,14.0,2011.0,Jan
317,72.0,a,a,3720.0,3.0,2011.0,1.0,13.0,2010.0,Jan
318,1019.0,c,c,490.0,,,1.0,27.0,2012.0,Jan
319,806.0,a,a,350.0,,,1.0,45.0,2009.0,Feb
320,140.0,d,a,1090.0,7.0,2012.0,1.0,10.0,2014.0,Jan
321,1084.0,d,a,13140.0,,,1.0,14.0,2011.0,Jan
322,1069.0,a,a,180.0,,,1.0,10.0,2013.0,Mar
323,628.0,d,c,20620.0,,,1.0,37.0,2009.0,Jan
324,589.0,a,a,360.0,,,1.0,5.0,2013.0,Feb
325,625.0,a,a,1170.0,4.0,2009.0,1.0,22.0,2012.0,Mar
326,1062.0,d,a,17500.0,6.0,2010.0,1.0,18.0,2011.0,Feb
327,1056.0,d,c,5350.0,,,1.0,45.0,2010.0,Feb
328,1054.0,d,c,13190.0,,,1.0,23.0,2013.0,Mar
329,832.0,a,a,260.0,,,1.0,40.0,2011.0,Jan
330,694.0,a,a,80.0,3.0,2012.0,1.0,40.0,2014.0,Jan
331,1084.0,a,a,360.0,,,1.0,5.0,2013.0,Feb
332,438.0,d,a,1090.0,12.0,2007.0,1.0,9.0,2011.0,Jan
333,777.0,d,c,8250.0,10.0,2004.0,1.0,10.0,2014.0,Mar
334,1089.0,a,a,40.0,3.0,2006.0,1.0,10.0,2014.0,Jan
335,1012.0,a,c,5330.0,7.0,2010.0,1.0,31.0,2013.0,Jan
336,642.0,a,c,6880.0,,,1.0,14.0,2011.0,Mar
337,989.0,a,a,2380.0,3.0,2009.0,1.0,13.0,2010.0,Jan
338,199.0,d,c,6360.0,11.0,2003.0,1.0,14.0,2012.0,Jan
339,804.0,a,a,2100.0,,,1.0,1.0,2013.0,Jan
340,1073.0,d,c,1710.0,,,1.0,44.0,2012.0,Jan
341,1069.0,a,c,1130.0,,,1.0,40.0,2011.0,Jan
342,518.0,d,a,1010.0,2.0,2015.0,1.0,14.0,2011.0,Jan
343,693.0,d,c,15340.0,9.0,2012.0,1.0,18.0,2011.0,Feb
344,956.0,a,c,3030.0,9.0,2011.0,1.0,37.0,2009.0,Jan
345,818.0,d,c,490.0,,,1.0,35.0,2012.0,Mar
346,253.0,a,c,250.0,,,1.0,5.0,2013.0,Feb
347,275.0,a,a,350.0,7.0,2013.0,1.0,14.0,2011.0,Jan
348,593.0,d,c,1130.0,3.0,2014.0,0.0,,,Jan
349,438.0,a,c,14810.0,,,1.0,14.0,2011.0,Jan
350,805.0,d,a,24770.0,,,1.0,10.0,2014.0,Mar
351,795.0,d,c,5150.0,10.0,2004.0,1.0,13.0,2010.0,Jan
352,1056.0,d,c,3430.0,,,1.0,31.0,2013.0,Mar
353,879.0,d,a,,,,1.0,5.0,2013.0,Feb
354,487.0,a,c,9070.0,4.0,2011.0,1.0,40.0,2014.0,Jan
355,591.0,a,c,1680.0,,,1.0,35.0,2010.0,Mar
356,518.0,d,c,3330.0,3.0,2015.0,1.0,40.0,2014.0,Jan
357,410.0,a,a,40.0,3.0,2011.0,1.0,22.0,2012.0,Mar
358,1107.0,a,c,3340.0,12.0,2011.0,1.0,22.0,2012.0,Mar
359,310.0,a,c,2290.0,12.0,2010.0,1.0,10.0,2014.0,Mar
360,955.0,a,c,1450.0,3.0,2011.0,1.0,14.0,2011.0,Jan
361,712.0,d,a,4870.0,,,1.0,45.0,2009.0,Jan
362,756.0,d,c,2330.0,,,1.0,13.0,2010.0,Jan
363,494.0,d,c,1540.0,,,1.0,22.0,2012.0,Mar
364,177.0,a,a,2060.0,11.0,2011.0,1.0,5.0,2013.0,Feb
365,486.0,d,a,2920.0,,,1.0,31.0,2013.0,Feb
366,997.0,d,c,2290.0,7.0,2009.0,1.0,13.0,2010.0,Jan
367,252.0,d,a,420.0,3.0,2006.0,1.0,5.0,2013.0,Feb
368,797.0,a,a,1090.0,,,1.0,40.0,2011.0,Jan
369,213.0,d,c,4030.0,3.0,2014.0,1.0,1.0,2014.0,Jan
370,1062.0,d,a,6250.0,,,1.0,40.0,2011.0,Feb
371,1042.0,a,a,3440.0,,,1.0,31.0,2013.0,Feb
372,713.0,d,c,2640.0,,,1.0,31.0,2009.0,Jan
373,606.0,a,a,17500.0,7.0,2008.0,1.0,37.0,2009.0,Jan
374,869.0,d,a,230.0,10.0,2001.0,1.0,14.0,2011.0,Jan
375,850.0,d,a,1010.0,11.0,1994.0,1.0,18.0,2011.0,Jan
376,942.0,d,c,5460.0,,,1.0,44.0,2012.0,Jan
377,438.0,d,c,4520.0,,,1.0,40.0,2011.0,Jan
378,213.0,d,c,4030.0,2.0,2014.0,1.0,27.0,2012.0,Jan
379,613.0,a,a,1090.0,7.0,2012.0,1.0,14.0,2011.0,Jan
380,275.0,a,a,300.0,5.0,2011.0,1.0,40.0,2014.0,Jan
381,985.0,c,a,490.0,5.0,2007.0,1.0,14.0,2011.0,Jan
382,573.0,a,a,1200.0,11.0,2012.0,1.0,36.0,2013.0,Jan
383,878.0,d,a,330.0,,,1.0,14.0,2011.0,Jan
384,804.0,a,c,260.0,,,1.0,5.0,2013.0,Feb
385,677.0,a,a,2070.0,9.0,2008.0,1.0,35.0,2010.0,Mar
386,1105.0,c,a,630.0,11.0,2013.0,1.0,5.0,2013.0,Jan
387,32.0,d,a,450.0,,,1.0,40.0,2011.0,Jan
388,21.0,a,a,90.0,6.0,2011.0,1.0,27.0,2012.0,Jan
389,969.0,c,a,230.0,9.0,2005.0,1.0,14.0,2011.0,Jan
390,418.0,a,a,1060.0,5.0,2012.0,1.0,31.0,2009.0,Feb
391,1039.0,d,c,6210.0,,,1.0,22.0,2012.0,Jan
392,832.0,a,a,3040.0,12.0,2008.0,1.0,40.0,2011.0,Jan
393,937.0,a,c,330.0,,,1.0,14.0,2013.0,Jan
394,864.0,a,a,1730.0,10.0,2006.0,1.0,45.0,2009.0,Feb
395,324.0,a,c,13070.0,,,1.0,14.0,2011.0,Jan
396,329.0,a,c,1310.0,,,1.0,22.0,2011.0,Feb
397,398.0,c,c,1540.0,,,1.0,1.0,2012.0,Jan
398,714.0,a,a,960.0,5.0,2012.0,1.0,40.0,2011.0,Jan
399,983.0,d,a,260.0,12.0,2002.0,1.0,13.0,2010.0,Jan
400,489.0,a,a,14960.0,11.0,2013.0,1.0,37.0,2009.0,Feb
401,350.0,d,c,8880.0,,,1.0,37.0,2009.0,Jan
402,920.0,d,a,850.0,11.0,2014.0,1.0,40.0,2014.0,Jan
403,1011.0,c,c,1850.0,6.0,2014.0,1.0,45.0,2014.0,Feb
404,603.0,a,a,9580.0,4.0,2007.0,1.0,37.0,2009.0,Jan
405,408.0,d,a,1560.0,,,1.0,45.0,2009.0,Feb
406,429.0,d,c,16690.0,4.0,2005.0,1.0,14.0,2011.0,Jan
407,947.0,d,c,5150.0,3.0,2011.0,1.0,13.0,2010.0,Jan
408,1100.0,a,a,540.0,,,1.0,14.0,2011.0,Jan
409,213.0,c,a,4030.0,3.0,2009.0,1.0,14.0,2011.0,Jan
410,26.0,a,a,90.0,,,1.0,31.0,2009.0,Feb
411,502.0,c,a,13080.0,2.0,2002.0,1.0,14.0,2011.0,Jan
412,744.0,a,a,13140.0,12.0,2004.0,1.0,14.0,2011.0,Jan
413,3.0,a,a,14130.0,12.0,2006.0,1.0,14.0,2011.0,Jan
414,537.0,a,a,600.0,5.0,1999.0,1.0,1.0,2012.0,Jan
415,400.0,a,a,70.0,4.0,2004.0,1.0,14.0,2011.0,Jan
416,32.0,a,c,2910.0,,,1.0,45.0,2009.0,Feb
417,1069.0,d,c,1290.0,,,1.0,40.0,2011.0,Jan
418,818.0,a,c,370.0,,,1.0,14.0,2011.0,Mar
419,891.0,a,c,3430.0,,,1.0,31.0,2013.0,Feb
420,611.0,d,a,8080.0,12.0,2009.0,1.0,48.0,2012.0,Mar
421,660.0,a,a,120.0,,,1.0,40.0,2012.0,Jan
422,1011.0,a,c,490.0,6.0,2010.0,1.0,18.0,2011.0,Feb
423,406.0,d,a,8240.0,3.0,2001.0,1.0,5.0,2013.0,Feb
424,567.0,d,c,25430.0,8.0,2013.0,1.0,1.0,2014.0,Jan
425,802.0,a,a,910.0,10.0,2014.0,1.0,18.0,2011.0,Feb
426,442.0,a,a,3780.0,,,1.0,40.0,2011.0,Jan
427,418.0,a,a,1060.0,5.0,2015.0,1.0,31.0,2013.0,Feb
428,759.0,a,a,110.0,11.0,2012.0,1.0,5.0,2013.0,Feb
429,915.0,a,a,650.0,3.0,2013.0,1.0,14.0,2011.0,Jan
430,643.0,a,a,7860.0,11.0,2010.0,1.0,35.0,2010.0,Mar
431,597.0,a,a,330.0,11.0,2010.0,1.0,6.0,2013.0,Mar
432,975.0,d,a,9630.0,,,1.0,14.0,2011.0,Jan
433,1090.0,d,a,330.0,,,1.0,14.0,2011.0,Jan
434,887.0,a,c,19700.0,4.0,2004.0,1.0,37.0,2009.0,Jan
435,1028.0,a,a,190.0,3.0,2012.0,1.0,40.0,2011.0,Jan
436,338.0,a,c,1590.0,,,1.0,37.0,2009.0,Jan
437,1056.0,c,a,5350.0,,,1.0,40.0,2012.0,Jan
438,701.0,d,c,10800.0,3.0,2012.0,1.0,31.0,2013.0,Jan
439,47.0,d,c,270.0,4.0,2008.0,1.0,14.0,2013.0,Jan
440,266.0,c,c,33060.0,3.0,2010.0,1.0,22.0,2012.0,Mar
441,338.0,a,c,1590.0,,,1.0,37.0,2009.0,Jan
442,1039.0,a,a,17650.0,4.0,2015.0,1.0,5.0,2010.0,Jan
443,1103.0,c,c,5390.0,11.0,2012.0,1.0,5.0,2013.0,Feb
444,172.0,a,a,1090.0,5.0,2013.0,1.0,40.0,2014.0,Jan
445,805.0,d,a,2960.0,8.0,2014.0,1.0,23.0,2015.0,Mar
446,979.0,c,c,1690.0,7.0,2015.0,1.0,31.0,2013.0,Jan
447,401.0,c,c,8140.0,10.0,2003.0,1.0,14.0,2013.0,Feb
448,697.0,c,a,3780.0,,,1.0,40.0,2011.0,Jan
449,754.0,a,c,380.0,,,1.0,10.0,2014.0,Mar
450,115.0,d,c,5740.0,11.0,2009.0,1.0,40.0,2012.0,Jan
451,996.0,a,a,2290.0,7.0,2010.0,1.0,13.0,2010.0,Jan
452,756.0,a,c,1280.0,,,1.0,10.0,2011.0,Mar
453,244.0,d,c,710.0,9.0,2012.0,1.0,1.0,2012.0,Jan
454,776.0,a,a,2410.0,3.0,2006.0,1.0,14.0,2011.0,Jan
455,1075.0,a,a,11120.0,8.0,2007.0,1.0,14.0,2013.0,Jan
456,2.0,a,a,570.0,11.0,2013.0,1.0,14.0,2011.0,Jan
457,1103.0,a,c,1400.0,,,1.0,5.0,2013.0,Feb
458,498.0,d,a,9800.0,,,1.0,1.0,2013.0,Jan
459,897.0,d,a,1560.0,,,1.0,14.0,2011.0,Jan
460,758.0,a,a,17500.0,,,1.0,37.0,2009.0,Jan
461,650.0,a,a,120.0,7.0,2012.0,1.0,1.0,2012.0,Jan
462,172.0,a,a,110.0,,,1.0,14.0,2013.0,Jan
463,573.0,a,c,25430.0,8.0,2011.0,1.0,27.0,2013.0,Jan
464,459.0,a,a,5300.0,,,1.0,31.0,2013.0,Feb
465,563.0,a,a,700.0,7.0,2015.0,1.0,10.0,2014.0,Jan
466,365.0,c,a,2410.0,,,1.0,45.0,2009.0,Feb
467,578.0,d,a,3340.0,3.0,2012.0,1.0,13.0,2010.0,Jan
468,553.0,c,c,3040.0,,,1.0,35.0,2010.0,Mar
469,283.0,a,a,2260.0,,,1.0,40.0,2014.0,Jan
470,822.0,a,a,410.0,11.0,2006.0,1.0,5.0,2013.0,Feb
471,997.0,a,c,240.0,5.0,2015.0,1.0,13.0,2010.0,Jan
472,77.0,a,a,2200.0,12.0,2007.0,1.0,10.0,2014.0,Jan
473,790.0,c,c,1480.0,9.0,2011.0,1.0,14.0,2013.0,Jan
474,563.0,a,a,4080.0,3.0,2015.0,1.0,18.0,2010.0,Feb
475,864.0,a,a,2030.0,10.0,2014.0,1.0,18.0,2011.0,Feb
476,1040.0,a,a,380.0,2.0,2012.0,1.0,40.0,2014.0,Jan
477,979.0,a,a,1690.0,,,1.0,14.0,2013.0,Jan
478,819.0,a,a,720.0,,,1.0,14.0,2011.0,Mar
479,835.0,a,a,4870.0,9.0,2007.0,1.0,45.0,2009.0,Feb
480,98.0,d,c,15140.0,9.0,2011.0,1.0,1.0,2012.0,Jan
481,384.0,d,c,13080.0,,,1.0,14.0,2011.0,Jan
482,577.0,d,c,17650.0,3.0,2014.0,1.0,36.0,2013.0,Mar
483,793.0,d,c,550.0,8.0,1999.0,1.0,1.0,2012.0,Jan
484,1080.0,a,a,2410.0,1080.0,2011.0,1.0,40.0,2014.0,Jan
485,441.0,d,a,5300.0,,,1.0,31.0,2013.0,Feb
486,778.0,a,c,340.0,5.0,2011.0,1.0,40.0,2014.0,Jan
487,1012.0,a,c,4610.0,9.0,2010.0,1.0,13.0,2010.0,Mar
488,491.0,c,c,1710.0,,,1.0,49.0,2012.0,Jan
489,969.0,a,a,1020.0,10.0,2009.0,1.0,5.0,2013.0,Feb
490,902.0,d,a,590.0,5.0,2001.0,1.0,40.0,2014.0,Jan
491,50.0,c,c,6330.0,,,1.0,14.0,2011.0,Jan
492,909.0,a,c,1680.0,,,1.0,37.0,2009.0,Jan
493,675.0,a,a,960.0,12.0,2005.0,1.0,13.0,2010.0,Jan
494,139.0,a,a,1700.0,8.0,2011.0,1.0,14.0,2015.0,Jan
495,986.0,a,a,450.0,,,1.0,45.0,2013.0,Feb
496,1084.0,a,a,190.0,,,1.0,13.0,2010.0,Jan
497,1084.0,a,a,190.0,,,1.0,13.0,2010.0,Jan
498,514.0,a,a,1200.0,9.0,2012.0,1.0,27.0,2013.0,Jan
499,24.0,a,c,4030.0,3.0,2010.0,1.0,1.0,2013.0,Jan
500,932.0,a,a,15270.0,,,1.0,1.0,2013.0,Jan
501,997.0,d,a,40.0,8.0,2011.0,1.0,1.0,2012.0,Jan
502,272.0,a,a,16180.0,7.0,2006.0,1.0,14.0,2011.0,Jan
503,489.0,a,c,13020.0,8.0,2003.0,1.0,40.0,2014.0,Jan
504,1096.0,a,a,290.0,9.0,2006.0,1.0,14.0,2011.0,Jan
505,928.0,a,a,150.0,,,1.0,31.0,2013.0,Feb
506,516.0,a,c,3040.0,8.0,2010.0,1.0,35.0,2010.0,Mar
507,979.0,d,c,570.0,11.0,2007.0,1.0,31.0,2013.0,Jan
508,666.0,c,c,2700.0,,,1.0,9.0,2011.0,Mar
509,1047.0,a,a,180.0,,,1.0,45.0,2009.0,Feb
510,847.0,a,a,110.0,9.0,2012.0,1.0,31.0,2013.0,Feb
511,954.0,c,a,390.0,10.0,2013.0,1.0,10.0,2014.0,Jan
512,93.0,a,c,350.0,,,1.0,1.0,2012.0,Jan
513,352.0,a,c,2280.0,,,1.0,14.0,2012.0,Mar
514,54.0,a,c,7170.0,11.0,2012.0,1.0,5.0,2013.0,Feb
515,1019.0,d,c,27190.0,7.0,2010.0,1.0,9.0,2011.0,Jan
516,223.0,a,a,2920.0,8.0,2011.0,1.0,23.0,2013.0,Feb
517,65.0,a,c,13840.0,5.0,2010.0,1.0,18.0,2011.0,Jan
518,140.0,a,a,1200.0,11.0,2012.0,1.0,14.0,2011.0,Jan
519,941.0,a,c,1160.0,12.0,2011.0,1.0,1.0,2012.0,Jan
520,120.0,d,c,330.0,3.0,2014.0,1.0,14.0,2012.0,Mar
521,743.0,a,a,230.0,10.0,2011.0,1.0,40.0,2014.0,Jan
522,820.0,a,a,1650.0,,,1.0,40.0,2014.0,Jan
523,182.0,d,c,13990.0,,,1.0,14.0,2013.0,Jan
524,190.0,a,a,1470.0,12.0,2006.0,1.0,40.0,2014.0,Jan
525,210.0,d,c,970.0,11.0,1999.0,1.0,9.0,2011.0,Feb
526,708.0,d,a,10310.0,9.0,2009.0,1.0,5.0,2010.0,Feb
527,764.0,a,a,13140.0,,,1.0,10.0,2014.0,Mar
528,860.0,d,a,1450.0,9.0,2012.0,1.0,14.0,2011.0,Jan
529,721.0,d,c,3590.0,9.0,2012.0,1.0,22.0,2012.0,Mar
530,673.0,d,a,1790.0,7.0,2012.0,1.0,14.0,2011.0,Jan
531,1027.0,d,c,190.0,4.0,2007.0,1.0,40.0,2011.0,Jan
532,932.0,d,c,15700.0,,,1.0,14.0,2011.0,Jan
533,1062.0,d,c,180.0,,,1.0,18.0,2011.0,Feb
534,824.0,d,a,6540.0,,,1.0,13.0,2010.0,Jan
535,276.0,a,a,8250.0,10.0,2014.0,1.0,10.0,2014.0,Mar
536,825.0,a,a,40.0,3.0,2011.0,1.0,1.0,2012.0,Jan
537,977.0,a,c,2260.0,,,1.0,13.0,2010.0,Jan
538,928.0,a,a,120.0,,,1.0,14.0,2011.0,Jan
539,474.0,a,a,340.0,,,1.0,45.0,2009.0,Feb
540,1073.0,a,a,200.0,10.0,2001.0,1.0,1.0,2012.0,Jan
541,1056.0,a,a,340.0,4.0,2009.0,1.0,40.0,2014.0,Jan
542,858.0,a,a,13990.0,2.0,2011.0,1.0,14.0,2015.0,Jan
543,505.0,d,c,3850.0,7.0,2005.0,1.0,31.0,2013.0,Jan
544,775.0,d,c,6970.0,12.0,2005.0,1.0,22.0,2011.0,Mar
545,1079.0,a,c,350.0,,,1.0,44.0,2012.0,Jan
546,368.0,d,c,1450.0,4.0,2005.0,1.0,45.0,2009.0,Feb
547,795.0,a,c,510.0,,,1.0,22.0,2013.0,Mar
548,564.0,a,c,2330.0,,,1.0,10.0,2013.0,Mar
549,343.0,a,a,300.0,4.0,2011.0,1.0,14.0,2014.0,Jan
550,1094.0,d,a,450.0,7.0,2012.0,1.0,40.0,2014.0,Jan
551,682.0,a,a,130.0,,,1.0,10.0,2014.0,Mar
552,631.0,a,a,250.0,,,1.0,35.0,2012.0,Mar
553,284.0,d,a,1290.0,,,1.0,40.0,2014.0,Mar
554,15.0,d,c,3200.0,10.0,2000.0,1.0,22.0,2012.0,Jan
555,12.0,a,a,3200.0,3.0,2010.0,1.0,13.0,2010.0,Jan
556,642.0,d,a,9230.0,,,1.0,37.0,2009.0,Jan
557,870.0,a,a,350.0,,,1.0,18.0,2011.0,Feb
558,701.0,d,a,1730.0,3.0,2012.0,1.0,14.0,2011.0,Jan
559,912.0,d,a,4880.0,11.0,2006.0,1.0,22.0,2012.0,Mar
560,352.0,c,c,6360.0,,,1.0,1.0,2012.0,Jan
561,544.0,a,c,13190.0,,,1.0,45.0,2013.0,Feb
562,916.0,a,a,5070.0,,,1.0,45.0,2009.0,Feb
563,837.0,d,c,2840.0,,,1.0,14.0,2012.0,Jan
564,324.0,a,a,70.0,,,1.0,14.0,2011.0,Jan
565,806.0,d,a,1790.0,7.0,2011.0,1.0,35.0,2010.0,Mar
566,850.0,a,a,3920.0,,,1.0,45.0,2009.0,Feb
567,388.0,a,a,2260.0,,,1.0,37.0,2009.0,Jan
568,868.0,c,c,1540.0,9.0,2006.0,1.0,1.0,2012.0,Jan
569,752.0,a,c,5080.0,,,1.0,31.0,2013.0,Feb
570,89.0,a,c,2380.0,7.0,2004.0,1.0,40.0,2014.0,Jan
571,1090.0,a,a,1070.0,,,1.0,13.0,2010.0,Jan
572,516.0,a,c,11120.0,,,1.0,22.0,2012.0,Mar
573,803.0,a,c,1420.0,,,1.0,10.0,2014.0,Mar
574,845.0,d,c,7860.0,11.0,1999.0,1.0,14.0,2011.0,Jan
575,585.0,d,c,1290.0,,,1.0,40.0,2011.0,Jan
576,833.0,a,a,2870.0,2.0,2005.0,1.0,10.0,2014.0,Mar
577,1052.0,a,a,5010.0,,,1.0,31.0,2013.0,Feb
578,1078.0,c,a,190.0,,,1.0,40.0,2011.0,Jan
579,41.0,d,c,9680.0,,,1.0,31.0,2013.0,Feb
580,442.0,c,c,1140.0,,,1.0,31.0,2013.0,Jan
581,668.0,c,c,27650.0,,,1.0,22.0,2011.0,Mar
582,671.0,a,a,2070.0,7.0,2008.0,1.0,39.0,2010.0,Jan
583,674.0,a,a,770.0,7.0,2014.0,1.0,14.0,2015.0,Jan
584,337.0,a,a,10600.0,7.0,2005.0,1.0,45.0,2014.0,Feb
585,705.0,a,c,9820.0,12.0,2014.0,1.0,18.0,2011.0,Jan
586,1028.0,a,a,150.0,,,1.0,31.0,2013.0,Jan
587,608.0,a,c,18370.0,1.0,2013.0,1.0,9.0,2011.0,Feb
588,1068.0,a,c,910.0,,,1.0,14.0,2013.0,Jan
589,1041.0,a,c,4110.0,5.0,2001.0,1.0,31.0,2013.0,Jan
590,1107.0,a,a,3200.0,11.0,2012.0,1.0,22.0,2012.0,Jan
591,136.0,a,a,2200.0,2.0,2013.0,1.0,14.0,2011.0,Jan
592,365.0,d,c,2410.0,,,1.0,31.0,2009.0,Feb
593,674.0,d,c,680.0,,,1.0,14.0,2011.0,Jan
594,902.0,a,a,4030.0,3.0,2015.0,1.0,13.0,2010.0,Jan
595,1069.0,c,a,250.0,9.0,2005.0,1.0,1.0,2012.0,Jan
596,762.0,d,a,250.0,,,1.0,40.0,2011.0,Jan
597,669.0,a,a,840.0,,,1.0,1.0,2012.0,Jan
598,732.0,a,c,3330.0,,,1.0,10.0,2014.0,Mar
599,479.0,d,a,17080.0,7.0,2012.0,1.0,31.0,2013.0,Feb
600,955.0,a,a,2220.0,,,1.0,14.0,2011.0,Jan
601,420.0,a,a,1650.0,,,1.0,45.0,2009.0,Jan
602,567.0,a,c,1010.0,9.0,2012.0,1.0,5.0,2013.0,Feb
603,714.0,d,c,700.0,9.0,2013.0,1.0,14.0,2011.0,Jan
604,860.0,a,c,3440.0,,,1.0,31.0,2013.0,Feb
605,132.0,d,c,2710.0,,,1.0,40.0,2012.0,Jan
606,785.0,d,c,970.0,11.0,2005.0,1.0,9.0,2011.0,Jan
607,697.0,d,a,8880.0,,,1.0,37.0,2009.0,Jan
608,771.0,d,c,970.0,7.0,2005.0,1.0,23.0,2015.0,Mar
609,502.0,a,a,220.0,2.0,2002.0,1.0,37.0,2009.0,Jan
610,314.0,a,a,3560.0,9.0,2012.0,1.0,31.0,2013.0,Mar
611,216.0,c,a,190.0,,,1.0,45.0,2009.0,Feb
612,78.0,a,a,3510.0,10.0,2014.0,1.0,18.0,2011.0,Feb
613,830.0,a,c,6320.0,,,1.0,5.0,2011.0,Jan
614,1055.0,a,c,3430.0,,,1.0,22.0,2012.0,Feb
615,479.0,a,a,250.0,9.0,2007.0,1.0,14.0,2011.0,Jan
616,486.0,a,c,12480.0,,,1.0,1.0,2013.0,Jan
617,602.0,a,a,2710.0,7.0,2005.0,1.0,1.0,2012.0,Jan
618,825.0,d,c,5070.0,,,1.0,45.0,2009.0,Feb
619,531.0,a,c,2320.0,,,1.0,35.0,2012.0,Mar
620,941.0,a,c,1200.0,,,1.0,31.0,2013.0,Jan
621,135.0,d,a,6190.0,,,1.0,23.0,23.0,Mar
622,394.0,c,a,2910.0,,,1.0,31.0,2013.0,Feb
623,792.0,d,a,2740.0,5.0,2009.0,1.0,22.0,2012.0,Feb
624,710.0,a,a,190.0,,,1.0,40.0,2011.0,Jan
625,325.0,d,c,350.0,3.0,2006.0,1.0,5.0,2013.0,Feb
626,957.0,a,a,1420.0,,,1.0,40.0,2011.0,Jan
627,1060.0,a,a,3430.0,,,1.0,31.0,2013.0,Feb
628,844.0,a,a,260.0,12.0,2006.0,1.0,35.0,2010.0,Mar
629,749.0,a,a,2380.0,10.0,2001.0,1.0,14.0,2011.0,Mar
630,431.0,d,c,450.0,,,1.0,35.0,2010.0,Jan
631,198.0,a,a,290.0,11.0,1994.0,1.0,27.0,2012.0,Jan
632,691.0,a,a,2070.0,,,1.0,37.0,2009.0,Jan
633,65.0,a,c,13840.0,6.0,2010.0,1.0,27.0,2012.0,Mar
634,165.0,a,a,4030.0,12.0,2005.0,1.0,37.0,2009.0,Jan
635,271.0,c,a,2470.0,2.0,2013.0,1.0,40.0,2014.0,Jan
636,879.0,a,a,190.0,12.0,2006.0,1.0,5.0,2013.0,Feb
637,713.0,a,c,180.0,,,1.0,10.0,2014.0,Jan
638,339.0,a,c,2280.0,,,1.0,10.0,2014.0,Mar
639,1078.0,a,a,1300.0,8.0,2006.0,1.0,40.0,2014.0,Jan
640,508.0,a,c,13840.0,4.0,2010.0,1.0,18.0,2012.0,Feb
641,153.0,a,a,6270.0,12.0,2005.0,1.0,14.0,2012.0,Mar
642,719.0,a,c,910.0,,,1.0,22.0,2011.0,Feb
643,646.0,d,a,770.0,10.0,2008.0,1.0,35.0,2010.0,Mar
644,263.0,a,c,1140.0,5.0,2013.0,1.0,18.0,2014.0,Feb
645,238.0,a,a,320.0,,,1.0,45.0,2009.0,Feb
646,1050.0,d,c,13170.0,7.0,2014.0,1.0,5.0,2013.0,Feb
647,868.0,d,c,7890.0,10.0,2003.0,1.0,14.0,2011.0,Jan
648,830.0,a,a,4770.0,,,1.0,40.0,2011.0,Jan
649,518.0,a,c,3330.0,,,1.0,40.0,2014.0,Jan
650,969.0,c,a,1040.0,12.0,2006.0,1.0,14.0,2011.0,Jan
651,338.0,a,c,1590.0,,,1.0,9.0,2011.0,Mar
652,684.0,a,a,520.0,,,1.0,13.0,2010.0,Jan
653,891.0,a,c,350.0,,,1.0,31.0,2013.0,Feb
654,1078.0,d,c,670.0,,,1.0,40.0,2011.0,Jan
655,136.0,a,c,350.0,12.0,2012.0,1.0,1.0,2012.0,Mar
656,666.0,c,c,2740.0,,,1.0,22.0,2012.0,Mar
657,78.0,a,a,2510.0,,,1.0,10.0,2014.0,Mar
658,238.0,a,c,320.0,,,1.0,45.0,2009.0,Feb
659,754.0,d,c,1370.0,10.0,2009.0,1.0,10.0,2014.0,Mar
660,507.0,a,a,17650.0,7.0,2008.0,1.0,37.0,2009.0,Jan
661,678.0,d,a,990.0,,,1.0,35.0,2010.0,Jan
662,969.0,a,a,840.0,9.0,2005.0,1.0,18.0,2011.0,Jan
663,30.0,c,c,40.0,2.0,2014.0,1.0,10.0,2014.0,Mar
664,851.0,a,c,460.0,3.0,2012.0,1.0,40.0,2014.0,Jan
665,877.0,c,a,2290.0,5.0,2011.0,1.0,35.0,2011.0,Mar
666,515.0,a,a,2290.0,7.0,2007.0,1.0,37.0,2009.0,Jan
667,345.0,d,a,1310.0,,,1.0,22.0,2012.0,Feb
668,744.0,a,a,1370.0,3.0,2014.0,1.0,14.0,2011.0,Jan
669,302.0,c,c,2190.0,9.0,2007.0,1.0,9.0,2011.0,Mar
670,748.0,a,c,2380.0,9.0,2012.0,1.0,40.0,2014.0,Jan
671,974.0,a,a,290.0,3.0,2004.0,1.0,40.0,2014.0,Jan
672,1074.0,a,c,2290.0,12.0,,1.0,14.0,2011.0,Jan
673,459.0,d,c,5650.0,11.0,2007.0,1.0,5.0,2013.0,Jan
674,146.0,d,c,8050.0,5.0,1961.0,1.0,14.0,2012.0,Jan
675,89.0,a,a,2380.0,12.0,2009.0,1.0,40.0,2014.0,Jan
676,869.0,d,a,6270.0,12.0,2005.0,1.0,10.0,2014.0,Jan
677,971.0,a,a,1140.0,5.0,2011.0,1.0,40.0,2014.0,Jan
678,931.0,a,a,1480.0,9.0,2001.0,1.0,14.0,2011.0,Jan
679,728.0,d,a,10690.0,11.0,2006.0,1.0,10.0,2014.0,Jan
680,838.0,a,c,5460.0,,,1.0,10.0,2014.0,Jan
681,925.0,a,a,460.0,2.0,2012.0,1.0,14.0,2011.0,Jan
682,1050.0,d,c,13170.0,8.0,2014.0,1.0,9.0,2011.0,Mar
683,182.0,a,c,1390.0,,,1.0,35.0,2010.0,Mar
684,721.0,d,c,8990.0,3.0,2012.0,1.0,14.0,2012.0,Jan
685,1010.0,d,c,4610.0,6.0,2010.0,1.0,18.0,2010.0,Mar
686,597.0,c,a,80.0,12.0,2006.0,1.0,14.0,2011.0,Mar
687,13.0,a,a,190.0,,,1.0,14.0,2011.0,Jan
688,1019.0,a,c,210.0,11.0,2007.0,1.0,37.0,2009.0,Jan
689,243.0,a,c,310.0,,,1.0,5.0,2013.0,Feb
690,3.0,a,a,570.0,7.0,2007.0,1.0,14.0,2011.0,Jan
691,759.0,d,c,11540.0,,,1.0,5.0,2013.0,Feb
692,1003.0,a,a,1090.0,7.0,2013.0,1.0,10.0,2014.0,Jan
693,660.0,a,a,1200.0,11.0,2006.0,1.0,10.0,2014.0,Mar
694,1013.0,d,c,2910.0,9.0,2012.0,1.0,39.0,2010.0,Feb
695,1073.0,d,a,6890.0,,,1.0,18.0,2010.0,Feb
696,1084.0,a,a,190.0,,,1.0,14.0,2011.0,Jan
697,258.0,a,a,170.0,7.0,2012.0,1.0,27.0,2011.0,Jan
698,748.0,c,a,2320.0,,,1.0,40.0,2011.0,Jan
699,384.0,a,c,130.0,,,1.0,14.0,2011.0,Jan
700,1095.0,a,a,1090.0,,,1.0,40.0,2014.0,Jan
701,644.0,a,a,4030.0,9.0,2011.0,1.0,13.0,2010.0,Jan
702,985.0,d,a,960.0,7.0,2005.0,1.0,14.0,2011.0,Jan
703,825.0,a,a,380.0,5.0,2006.0,1.0,40.0,2014.0,Jan
704,671.0,d,a,20620.0,,,1.0,37.0,2009.0,Jan
705,1049.0,c,a,380.0,5.0,2013.0,1.0,14.0,2011.0,Jan
706,1056.0,a,c,50.0,,,1.0,18.0,2011.0,Feb
707,428.0,d,c,2960.0,5.0,2005.0,1.0,31.0,2013.0,Feb
708,127.0,d,a,1500.0,1.0,2008.0,1.0,14.0,2011.0,Jan
709,352.0,d,c,6360.0,,,1.0,44.0,2012.0,Mar
710,954.0,c,c,2270.0,,,1.0,35.0,2012.0,Mar
711,1088.0,d,a,5380.0,3.0,2015.0,1.0,13.0,2010.0,Jan
712,287.0,c,a,3740.0,5.0,2008.0,1.0,40.0,2014.0,Jan
713,848.0,c,a,7160.0,12.0,1999.0,1.0,37.0,2009.0,Jan
714,684.0,d,a,1980.0,8.0,2009.0,1.0,37.0,2009.0,Jan
715,879.0,d,a,,,,1.0,5.0,2013.0,Feb
716,404.0,a,c,16180.0,,,1.0,10.0,2013.0,Mar
717,1014.0,d,c,7470.0,,,1.0,44.0,2012.0,Jan
718,1001.0,a,a,19640.0,,,1.0,14.0,2011.0,Jan
719,746.0,d,a,13140.0,4.0,2007.0,1.0,31.0,2009.0,Jan
720,974.0,a,a,14810.0,,,1.0,14.0,2011.0,Jan
721,1041.0,a,a,1600.0,8.0,2013.0,1.0,40.0,2014.0,Jan
722,417.0,d,c,840.0,,,1.0,1.0,2014.0,Jan
723,603.0,a,a,14960.0,4.0,2007.0,1.0,37.0,2009.0,Jan
724,1015.0,a,a,6190.0,,,1.0,22.0,2011.0,Mar
725,758.0,c,c,2740.0,5.0,2009.0,1.0,40.0,2014.0,Jan
726,850.0,a,a,850.0,7.0,2012.0,1.0,40.0,2014.0,Jan
727,713.0,a,a,300.0,10.0,2012.0,1.0,40.0,2014.0,Jan
728,384.0,d,c,130.0,,,1.0,14.0,2011.0,Jan
729,92.0,a,a,1590.0,,,1.0,37.0,2009.0,Jan
730,876.0,a,a,4270.0,4.0,2005.0,1.0,31.0,2013.0,Feb
731,924.0,a,a,26490.0,,,1.0,5.0,2013.0,Feb
732,637.0,d,c,990.0,5.0,2001.0,1.0,14.0,2014.0,Feb
733,177.0,d,a,1250.0,,,1.0,45.0,2009.0,Feb
734,1090.0,a,a,3410.0,,,1.0,31.0,2013.0,Jan
735,993.0,c,a,120.0,7.0,2011.0,1.0,1.0,2012.0,Jan
736,600.0,d,c,8400.0,9.0,2012.0,1.0,5.0,2011.0,Feb
737,775.0,a,a,1450.0,12.0,2012.0,1.0,14.0,2011.0,Jan
738,256.0,d,c,80.0,7.0,2005.0,1.0,10.0,2014.0,Jan
739,597.0,a,a,2340.0,,,1.0,22.0,2012.0,Mar
740,752.0,d,a,970.0,3.0,2013.0,1.0,31.0,2013.0,Jan
741,830.0,a,c,6320.0,,,1.0,9.0,2011.0,Jan
742,421.0,a,c,3530.0,12.0,2011.0,1.0,35.0,2012.0,Mar
743,697.0,a,c,8300.0,9.0,2011.0,1.0,1.0,2012.0,Jan
744,1034.0,a,c,1200.0,,,1.0,27.0,2013.0,Jan
745,764.0,a,a,1370.0,,,1.0,10.0,2014.0,Jan
746,693.0,d,a,450.0,,,1.0,40.0,2011.0,Jan
747,350.0,d,a,8880.0,9.0,2006.0,1.0,40.0,2014.0,Jan
748,629.0,a,a,180.0,9.0,2013.0,1.0,31.0,2013.0,Feb
749,879.0,a,a,,,,1.0,5.0,2013.0,Feb
750,494.0,d,c,5460.0,,,1.0,37.0,2009.0,Jan
751,174.0,a,a,130.0,,,1.0,14.0,2011.0,Jan
752,507.0,a,c,4580.0,4.0,2011.0,1.0,37.0,2009.0,Jan
753,688.0,c,a,350.0,9.0,1999.0,1.0,14.0,2011.0,Jan
754,744.0,d,c,2740.0,7.0,2013.0,1.0,14.0,2011.0,Jan
755,806.0,c,c,2100.0,,,1.0,1.0,2013.0,Jan
756,795.0,d,a,770.0,5.0,2013.0,1.0,14.0,2013.0,Jan
757,506.0,a,a,1850.0,,,1.0,18.0,2010.0,Feb
758,28.0,a,a,1090.0,2.0,2008.0,1.0,10.0,2014.0,Mar
759,986.0,a,a,620.0,9.0,2014.0,1.0,18.0,2014.0,Feb
760,776.0,a,c,14130.0,10.0,2006.0,1.0,14.0,2011.0,Jan
761,128.0,d,a,10800.0,,,1.0,31.0,2013.0,Feb
762,503.0,a,a,13080.0,4.0,2011.0,1.0,1.0,2012.0,Jan
763,946.0,a,a,260.0,12.0,2006.0,1.0,31.0,2013.0,Jan
764,89.0,d,c,2380.0,12.0,2004.0,1.0,40.0,2014.0,Jan
765,77.0,a,a,10690.0,11.0,2012.0,1.0,40.0,2014.0,Jan
766,697.0,d,a,3780.0,,,1.0,40.0,2011.0,Jan
767,1060.0,a,a,100.0,5.0,2015.0,1.0,31.0,2013.0,Jan
768,1080.0,a,a,150.0,9.0,2008.0,1.0,40.0,2014.0,Jan
769,499.0,c,c,450.0,,,1.0,14.0,2013.0,Feb
770,1069.0,a,a,180.0,,,1.0,14.0,2011.0,Jan
771,523.0,d,a,4160.0,5.0,2009.0,1.0,45.0,2014.0,Feb
772,400.0,a,a,1090.0,12.0,2011.0,1.0,13.0,2010.0,Jan
773,534.0,a,c,4270.0,,,1.0,14.0,2011.0,Feb
774,431.0,a,c,2330.0,8.0,2013.0,1.0,49.0,2014.0,Mar
775,13.0,a,a,310.0,,,1.0,45.0,2009.0,Feb
776,428.0,d,a,3200.0,8.0,2009.0,1.0,22.0,2011.0,Jan
777,421.0,a,c,3530.0,9.0,2012.0,1.0,35.0,2012.0,Mar
778,334.0,d,c,4040.0,8.0,2008.0,1.0,1.0,2012.0,Jan
779,190.0,a,a,1420.0,5.0,2011.0,1.0,40.0,2014.0,Jan
780,461.0,a,a,1740.0,,,1.0,40.0,2014.0,Jan
781,1103.0,d,c,2470.0,2.0,2013.0,1.0,31.0,2013.0,Jan
782,1105.0,a,a,2180.0,12.0,2013.0,1.0,40.0,2014.0,Jan
783,276.0,a,a,2960.0,10.0,2009.0,1.0,36.0,2013.0,Mar
784,1078.0,a,a,330.0,,,1.0,1.0,2013.0,Jan
785,320.0,d,c,10600.0,9.0,2005.0,1.0,31.0,2013.0,Feb
786,485.0,d,c,3270.0,,,1.0,22.0,2012.0,Jan
787,253.0,a,c,250.0,,,1.0,5.0,2013.0,Feb
788,1068.0,d,c,5010.0,,,1.0,5.0,2013.0,Mar
789,438.0,d,a,2320.0,,,1.0,40.0,2011.0,Jan
790,174.0,a,c,330.0,,,1.0,1.0,2012.0,Jan
791,41.0,c,a,1180.0,,,1.0,31.0,2013.0,Jan
792,846.0,c,a,11540.0,,,1.0,5.0,2013.0,Feb
793,769.0,a,a,1250.0,,,1.0,14.0,2013.0,Jan
794,437.0,a,a,520.0,,,1.0,50.0,2010.0,Jan
795,381.0,a,a,1800.0,11.0,2010.0,1.0,5.0,2013.0,Feb
796,1098.0,a,c,15700.0,,,1.0,1.0,2014.0,Jan
797,697.0,a,a,2090.0,7.0,2010.0,1.0,36.0,2013.0,Mar
798,569.0,a,a,2220.0,3.0,2011.0,1.0,14.0,2013.0,Jan
799,331.0,a,c,670.0,,,1.0,13.0,2010.0,Jan
800,660.0,a,a,1200.0,12.0,2006.0,1.0,14.0,2011.0,Jan
801,408.0,a,a,13140.0,,,1.0,37.0,2009.0,Jan
802,756.0,a,c,130.0,,,1.0,40.0,2014.0,Jan
803,765.0,d,a,3410.0,,,1.0,37.0,2009.0,Jan
804,587.0,d,c,330.0,11.0,2005.0,1.0,5.0,2013.0,Feb
805,564.0,d,c,13170.0,,,1.0,9.0,2010.0,Feb
806,881.0,a,c,350.0,,,1.0,31.0,2013.0,Feb
807,93.0,a,c,1650.0,,,1.0,14.0,2011.0,Jan
808,323.0,d,c,8300.0,10.0,2006.0,1.0,5.0,2013.0,Feb
809,1028.0,a,a,190.0,,,1.0,40.0,2011.0,Jan
810,916.0,d,a,7890.0,,,1.0,14.0,2011.0,Jan
811,429.0,a,c,16350.0,2.0,2005.0,1.0,31.0,2013.0,Jan
812,1011.0,a,c,5330.0,9.0,2011.0,1.0,13.0,2010.0,Jan
813,860.0,a,a,3570.0,,,1.0,31.0,2013.0,Jan
814,919.0,a,a,2620.0,6.0,2005.0,1.0,45.0,2014.0,Feb
815,931.0,c,a,2460.0,6.0,2011.0,1.0,31.0,2009.0,Mar
816,1069.0,a,a,180.0,,,1.0,14.0,2011.0,Jan
817,701.0,d,a,1450.0,7.0,2013.0,1.0,14.0,2011.0,Jan
818,802.0,a,c,910.0,,,1.0,22.0,2011.0,Jan
819,1067.0,a,c,70.0,7.0,2012.0,1.0,22.0,2012.0,Mar
820,665.0,a,a,1470.0,12.0,2012.0,1.0,40.0,2011.0,Jan
821,92.0,a,a,190.0,,,1.0,37.0,2009.0,Jan
822,977.0,a,a,1790.0,,,1.0,44.0,2010.0,Mar
823,797.0,d,a,5390.0,7.0,2013.0,1.0,1.0,2013.0,Jan
824,302.0,d,c,1310.0,11.0,2001.0,1.0,9.0,2011.0,Mar
825,1096.0,d,c,5340.0,10.0,2013.0,1.0,10.0,2013.0,Mar
826,841.0,d,c,9680.0,,,1.0,5.0,2013.0,Feb
827,552.0,a,c,11260.0,8.0,2014.0,1.0,37.0,2009.0,Feb
828,457.0,d,c,1360.0,,,1.0,31.0,2013.0,Jan
829,418.0,d,c,1060.0,10.0,2010.0,1.0,31.0,2013.0,Feb
830,650.0,a,a,1320.0,5.0,2010.0,1.0,40.0,2014.0,Jan
831,998.0,a,a,280.0,9.0,2005.0,1.0,5.0,2013.0,Feb
832,417.0,a,c,840.0,,,1.0,48.0,2011.0,Mar
833,347.0,d,c,8970.0,,,1.0,22.0,2012.0,Mar
834,953.0,c,c,2840.0,8.0,2007.0,1.0,14.0,2011.0,Jan
835,628.0,d,c,2190.0,,,0.0,,,Mar
836,653.0,d,c,27190.0,7.0,2010.0,1.0,37.0,2009.0,Jan
837,1073.0,a,a,5290.0,,,1.0,31.0,2013.0,Feb
838,759.0,a,a,110.0,11.0,2012.0,1.0,31.0,2013.0,Feb
839,711.0,c,a,1650.0,,,1.0,40.0,2011.0,Jan
840,54.0,d,c,18010.0,9.0,2010.0,1.0,18.0,2011.0,Jan
841,544.0,a,a,1200.0,11.0,2004.0,1.0,31.0,2013.0,Feb
842,487.0,d,c,5840.0,12.0,2005.0,1.0,13.0,2010.0,Jan
843,566.0,a,a,960.0,11.0,2008.0,1.0,31.0,2013.0,Feb
844,164.0,c,a,10070.0,4.0,2013.0,1.0,31.0,2013.0,Jan
845,1016.0,c,c,550.0,,,1.0,35.0,2012.0,Mar
846,660.0,a,a,1200.0,9.0,2005.0,1.0,40.0,2014.0,Jan
847,283.0,a,a,2260.0,3.0,2011.0,1.0,40.0,2014.0,Jan
848,165.0,a,a,3720.0,4.0,2005.0,1.0,13.0,2010.0,Jan
849,348.0,a,a,13140.0,,,1.0,22.0,2012.0,Jan
850,1060.0,d,a,3410.0,,,1.0,5.0,2013.0,Feb
851,855.0,a,a,3440.0,,,1.0,45.0,2009.0,Feb
852,481.0,d,c,2320.0,,,1.0,40.0,2012.0,Jan
853,331.0,d,c,670.0,,,1.0,31.0,2013.0,Jan
854,974.0,a,a,520.0,3.0,2011.0,1.0,40.0,2014.0,Jan
855,891.0,d,c,970.0,,,1.0,31.0,2013.0,Feb
856,373.0,a,c,2240.0,,,1.0,22.0,2012.0,Mar
857,1088.0,a,a,1730.0,,,1.0,14.0,2011.0,Jan
858,695.0,a,a,900.0,5.0,2014.0,1.0,10.0,2014.0,Jan
859,162.0,d,c,5440.0,,,1.0,37.0,2009.0,Jan
860,806.0,a,c,26490.0,,,1.0,10.0,2014.0,Mar
861,321.0,c,c,8140.0,11.0,2013.0,1.0,10.0,2014.0,Mar
862,28.0,a,a,1200.0,7.0,2005.0,1.0,31.0,2013.0,Jan
863,218.0,d,c,640.0,,,1.0,9.0,2011.0,Mar
864,343.0,a,a,18650.0,4.0,2004.0,1.0,14.0,2014.0,Jan
865,937.0,d,c,1130.0,,,1.0,10.0,2014.0,Jan
866,261.0,d,a,2460.0,11.0,2012.0,1.0,39.0,2010.0,Jan
867,1052.0,d,c,5080.0,,,1.0,18.0,2011.0,Feb
868,645.0,a,a,180.0,,,1.0,45.0,2009.0,Feb
869,153.0,a,a,1480.0,7.0,2005.0,1.0,10.0,2014.0,Jan
870,847.0,a,c,2710.0,,,1.0,35.0,2012.0,Mar
871,562.0,d,a,630.0,1.0,2007.0,1.0,5.0,2013.0,Feb
872,479.0,a,a,4140.0,9.0,2012.0,0.0,,,Feb
873,1048.0,d,c,27190.0,7.0,2014.0,1.0,13.0,2010.0,Jan
874,931.0,a,a,80.0,9.0,2001.0,1.0,14.0,2011.0,Jan
875,135.0,d,c,5190.0,10.0,2013.0,1.0,5.0,2013.0,Feb
876,951.0,d,c,710.0,,,1.0,40.0,2011.0,Jan
877,1077.0,a,c,1070.0,10.0,2008.0,1.0,35.0,2010.0,Mar
878,996.0,d,c,2870.0,7.0,2015.0,1.0,14.0,2011.0,Jan
879,909.0,d,a,1680.0,,,1.0,45.0,2009.0,Feb
880,1052.0,d,c,5330.0,11.0,2002.0,1.0,40.0,2011.0,Jan
881,562.0,a,a,120.0,7.0,2011.0,1.0,27.0,2013.0,Jan
882,695.0,a,c,550.0,8.0,2011.0,1.0,40.0,2012.0,Jan
883,956.0,a,a,410.0,12.0,2006.0,1.0,13.0,2010.0,Jan
884,1039.0,a,a,290.0,9.0,2011.0,1.0,40.0,2012.0,Jan
885,1040.0,a,a,4030.0,8.0,2003.0,1.0,10.0,2014.0,Jan
886,644.0,a,a,350.0,12.0,2012.0,1.0,14.0,2011.0,Jan
887,717.0,a,a,700.0,7.0,2015.0,1.0,40.0,2014.0,Jan
888,567.0,c,c,1010.0,9.0,2012.0,1.0,18.0,2013.0,Feb
889,155.0,c,c,810.0,,,1.0,35.0,2011.0,Mar
890,899.0,a,a,40.0,3.0,2014.0,1.0,18.0,2014.0,Mar
891,1084.0,a,a,180.0,,,1.0,40.0,2014.0,Jan
892,752.0,d,a,2640.0,7.0,2003.0,1.0,14.0,2011.0,Jan
893,881.0,a,a,350.0,,,1.0,5.0,2013.0,Feb
894,1074.0,a,a,150.0,10.0,2001.0,1.0,10.0,2014.0,Jan
895,540.0,d,c,810.0,,,1.0,40.0,2012.0,Jan
896,589.0,a,a,360.0,5.0,2009.0,1.0,31.0,2013.0,Jan
897,324.0,a,a,13140.0,,,1.0,14.0,2011.0,Jan
898,1076.0,a,c,90.0,,,1.0,10.0,2014.0,Jan
899,575.0,a,a,3510.0,11.0,2006.0,1.0,5.0,2013.0,Feb
900,238.0,a,c,240.0,,,1.0,45.0,2009.0,Feb
901,1083.0,a,a,7180.0,,,1.0,14.0,2011.0,Jan
902,688.0,a,a,18760.0,,,1.0,14.0,2015.0,Jan
903,769.0,d,c,13080.0,,,1.0,1.0,2012.0,Jan
904,658.0,d,c,1350.0,,,1.0,37.0,2009.0,Jan
905,797.0,a,a,3440.0,,,1.0,5.0,2013.0,Feb
906,677.0,d,a,510.0,6.0,2014.0,1.0,35.0,2010.0,Mar
907,573.0,d,a,970.0,7.0,2005.0,1.0,31.0,2013.0,Feb
908,591.0,d,a,2220.0,9.0,2012.0,1.0,40.0,2014.0,Jan
909,1083.0,a,c,6320.0,,,1.0,40.0,2012.0,Jan
910,1076.0,a,c,200.0,,,1.0,1.0,2013.0,Mar
911,89.0,d,a,2380.0,9.0,2012.0,1.0,40.0,2014.0,Jan
912,719.0,c,c,8190.0,,,1.0,45.0,2009.0,Feb
913,1077.0,c,c,3720.0,11.0,2001.0,1.0,13.0,2010.0,Jan
914,728.0,d,c,13990.0,8.0,1999.0,1.0,14.0,2011.0,Jan
915,399.0,a,a,2370.0,4.0,2011.0,1.0,40.0,2014.0,Jan
916,914.0,a,a,2200.0,7.0,2010.0,1.0,22.0,2012.0,Jan
917,932.0,a,c,15490.0,,,1.0,1.0,2013.0,Jan
918,983.0,d,c,4030.0,3.0,2014.0,1.0,1.0,2014.0,Jan
919,319.0,a,c,2710.0,7.0,2012.0,1.0,22.0,2012.0,Mar
920,111.0,a,c,7890.0,,,1.0,37.0,2009.0,Jan
921,910.0,a,c,9680.0,,,1.0,36.0,2013.0,Mar
922,852.0,a,a,5070.0,,,1.0,45.0,2009.0,Jan
923,975.0,a,a,9630.0,,,1.0,14.0,2011.0,Jan
924,522.0,d,c,11540.0,,,1.0,10.0,2013.0,Jan
925,671.0,a,c,2070.0,7.0,2008.0,1.0,37.0,2009.0,Jan
926,534.0,a,c,5350.0,,,1.0,40.0,2012.0,Jan
927,862.0,d,c,1710.0,,,1.0,1.0,2013.0,Jan
928,931.0,c,c,330.0,3.0,2010.0,1.0,14.0,2011.0,Jan
929,1056.0,a,c,5350.0,,,1.0,13.0,2010.0,Jan
930,576.0,d,c,680.0,,,1.0,40.0,2014.0,Jan
931,479.0,a,a,3340.0,1.0,2005.0,1.0,22.0,2011.0,Jan
932,1109.0,a,a,340.0,4.0,2013.0,1.0,14.0,2011.0,Jan
933,1032.0,d,c,300.0,5.0,2010.0,1.0,40.0,2014.0,Jan
934,1054.0,a,c,13190.0,,,1.0,45.0,2009.0,Feb
935,875.0,d,a,5070.0,11.0,2007.0,1.0,5.0,2013.0,Feb
936,589.0,c,a,3290.0,9.0,2012.0,1.0,18.0,2011.0,Feb
937,795.0,a,a,3410.0,,,1.0,31.0,2013.0,Jan
938,1039.0,a,c,2190.0,,,1.0,22.0,2012.0,Mar
939,1072.0,a,a,150.0,7.0,2008.0,1.0,40.0,2014.0,Jan
940,869.0,c,c,190.0,,,1.0,31.0,2009.0,Feb
941,542.0,a,a,290.0,2.0,2002.0,1.0,5.0,2011.0,Feb
942,481.0,a,c,6870.0,,,1.0,22.0,2012.0,Mar
943,479.0,d,a,5300.0,,,1.0,5.0,2013.0,Feb
944,1054.0,a,a,690.0,7.0,2014.0,1.0,18.0,2011.0,Feb
945,834.0,d,a,9680.0,,,1.0,5.0,2013.0,Feb
946,644.0,a,c,4030.0,2.0,2011.0,1.0,14.0,2013.0,Jan
947,653.0,a,c,20.0,11.0,2008.0,1.0,35.0,2010.0,Mar
948,920.0,a,a,850.0,4.0,2012.0,1.0,40.0,2012.0,Jan
949,923.0,a,a,16240.0,7.0,2008.0,1.0,45.0,2009.0,Feb
950,141.0,d,c,1340.0,,,1.0,14.0,2012.0,Mar
951,636.0,d,c,720.0,,,1.0,13.0,2010.0,Jan
952,191.0,a,a,1100.0,8.0,2013.0,1.0,40.0,2014.0,Jan
953,1090.0,a,a,330.0,,,1.0,14.0,2011.0,Jan
954,981.0,d,c,2470.0,4.0,2005.0,1.0,31.0,2013.0,Jan
955,1078.0,a,c,670.0,,,1.0,40.0,2011.0,Jan
956,534.0,d,c,1200.0,7.0,2014.0,1.0,18.0,2011.0,Jan
957,520.0,d,c,6360.0,9.0,2008.0,1.0,1.0,2012.0,Jan
958,1028.0,a,c,180.0,,,1.0,5.0,2013.0,Feb
959,928.0,d,c,1090.0,,,1.0,31.0,2013.0,Feb
960,321.0,d,c,9200.0,7.0,2014.0,1.0,10.0,2014.0,Jan
961,492.0,d,a,2380.0,,,1.0,40.0,2014.0,Jan
962,210.0,d,c,970.0,11.0,1999.0,1.0,5.0,2013.0,Feb
963,656.0,a,c,210.0,,,1.0,35.0,2010.0,Mar
964,507.0,a,c,4880.0,4.0,2011.0,1.0,40.0,2013.0,Jan
965,708.0,d,c,3140.0,,,1.0,22.0,2012.0,Mar
966,862.0,d,c,3560.0,10.0,2005.0,1.0,40.0,2011.0,Jan
967,126.0,a,a,3370.0,10.0,2011.0,1.0,14.0,2011.0,Jan
968,888.0,a,a,2060.0,10.0,2008.0,1.0,45.0,2009.0,Feb
969,854.0,a,a,4770.0,,,1.0,14.0,2011.0,Jan
970,577.0,d,a,1110.0,,,1.0,5.0,2013.0,Feb
971,955.0,a,a,16240.0,6.0,2003.0,1.0,14.0,2011.0,Jan
972,598.0,c,a,550.0,,,1.0,10.0,2013.0,Mar
973,1073.0,d,c,1710.0,,,1.0,44.0,2010.0,Jan
974,713.0,d,c,1500.0,9.0,2005.0,1.0,14.0,2011.0,Jan
975,192.0,a,c,3570.0,12.0,2008.0,1.0,40.0,2014.0,Jan
976,556.0,a,c,330.0,,,1.0,35.0,2012.0,Mar
977,1051.0,a,a,3330.0,,,1.0,18.0,2014.0,Mar
978,1107.0,a,a,1370.0,12.0,2008.0,1.0,13.0,2010.0,Jan
979,650.0,a,a,1420.0,3.0,2012.0,1.0,40.0,2011.0,Jan
980,1068.0,c,a,570.0,,,1.0,22.0,2012.0,Mar
981,870.0,a,a,9630.0,,,1.0,14.0,2011.0,Feb
982,711.0,a,c,2380.0,4.0,2007.0,1.0,40.0,2014.0,Jan
983,808.0,a,a,18620.0,,,1.0,31.0,2009.0,Feb
984,1115.0,a,c,5350.0,,,1.0,22.0,2012.0,Mar
985,449.0,a,a,22390.0,8.0,2008.0,1.0,37.0,2009.0,Jan
986,406.0,a,a,8050.0,11.0,2001.0,1.0,18.0,2013.0,Feb
987,1041.0,a,c,2340.0,3.0,2011.0,1.0,40.0,2012.0,Jan
988,128.0,d,c,2000.0,,,1.0,14.0,2011.0,Jan
989,723.0,d,c,5650.0,3.0,2012.0,1.0,31.0,2013.0,Jan
990,1062.0,d,c,190.0,,,1.0,18.0,2011.0,Feb
991,418.0,a,a,1060.0,5.0,2009.0,1.0,31.0,2013.0,Feb
992,54.0,d,c,3870.0,4.0,2014.0,1.0,39.0,2010.0,Jan
993,461.0,d,c,1420.0,,,1.0,49.0,2013.0,Mar
994,926.0,a,a,4080.0,3.0,2013.0,1.0,31.0,2013.0,Jan
995,42.0,c,a,240.0,,,1.0,45.0,2009.0,Feb
996,748.0,d,a,1740.0,1.0,2005.0,1.0,14.0,2011.0,Jan
997,645.0,a,a,90.0,4.0,2009.0,1.0,35.0,2010.0,Mar
998,1090.0,a,c,330.0,,,1.0,14.0,2011.0,Jan
999,697.0,a,c,3780.0,,,1.0,40.0,2011.0,Jan
